pmid	doi	title	authors	year	chart_ids
10102273	10.1016/s0092-8674(00)80595-4	Akt promotes cell survival by phosphorylating and inhibiting a Forkhead transcription factor	Brunet A, Bonni A, Zigmond MJ, et al.	1999	human_akt_foxo_insulin
10319811	10.1016/s0092-8674(00)80740-0	Ordered recruitment of transcription and chromatin remodeling factors to a cell cycle- and developmentally regulated promoter	Cosma MP, Tanaka T, Nasmyth K	1999	yeast_mating_type_switching
10367881	10.1016/s0092-8674(00)80764-5	DNA binding and bending are necessary but not sufficient for CRP-dependent transcription activation	Busby S, Ebright RH	1999	ecoli_catabolite_repression
10383764	10.1046/j.1365-2958.1999.01459.x	ZntR-mediated transcriptional induction of zntA upon zinc excess in Escherichia coli	Brocklehurst KR, Hobman JL, Lawley B, Blank L, Marshall SJ, Brown NL, Morby AP	1999	ecoli_heavy_metal_resistance
10410796	10.1146/annurev.biophys.28.1.101	Base excision repair: contributions from atomic resolution structures	Mol CD, Parikh SS, Putnam CD, Lo TP, Tainer JA	1999	ecoli_base_excision_repair
10485858	10.1073/pnas.96.11.6439	The adaptor protein RssB regulates proteolysis of the stationary-phase sigma factor RpoS	Becker G, Klauck E, Hengge-Aronis R	1999	ecoli_starvation_response
10494826		RecA protein: structure, function, and role in recombinational DNA repair	Cox MM	1999	ecoli_sos_response
10510231	10.1046/j.1365-2958.1999.01538.x	The cAMP-PKA pathway in yeast	Thevelein JM, de Winde JH	1999	yeast_pka_pathway
10617163	10.1016/s1097-2765(00)80159-4	The mechanism of intrinsic transcription termination	Gusarov I, Nudler E	1999	ecoli_transcription_termination
10639324		Polarization of cell growth in yeast. I. Establishment and maintenance of polarity states.	Pruyne D	2000	yeast_yeast_cell_polarity
10659856	10.1038/35002125	A synthetic oscillatory network of transcriptional regulators	Elowitz MB, Leibler S	2000	synthetic_5node_repressilator;synthetic_repressilator
10659857	10.1038/35002131	Construction of a genetic toggle switch in Escherichia coli	Gardner TS, Cantor CR, Collins JJ	2000	synthetic_mutual_activation_bistable;synthetic_optogenetic_toggle;synthetic_toggle_switch
10706289	10.1038/35002607	The 21-nucleotide let-7 RNA regulates developmental timing in Caenorhabditis elegans	Reinhart BJ, Slack FJ, Basson M, et al.	2000	celegans_heterochronic_clock
10716729	10.1073/pnas.97.2.652	CopA: An Escherichia coli Cu(I)-translocating P-type ATPase	Rensing C, Fan B, Sharma R, Mitra B, Rosen BP	2000	ecoli_heavy_metal_resistance
10742100	10.1038/74199	Quantitative expression of Oct-3/4 defines differentiation, dedifferentiation or self-renewal of ES cells	Niwa H, Miyazaki J, Smith AG	2000	mouse_sox2_oct4_pluripotency
10754576	10.1016/s0966-842x(00)01709-1	Signal transduction by the PII protein	Ninfa AJ, Atkinson MR	2000	ecoli_nitrogen_assimilation
10761931	10.1016/s0092-8674(00)80702-3	A novel transcription factor, T-bet, directs Th1 lineage commitment	Szabo SJ, Kim ST, Costa GL, Zhang X, Fathman CG, Glimcher LH	2000	human_tbet_gata3_th1_th2
10801461	10.1016/s0955-0674(00)00104-6	Transcriptional regulation of meiosis in yeast	Vershon AK, Pierce M	2000	yeast_meiosis_regulation
10850721	10.1038/35014651	Engineering stability in gene networks by autoregulation	Becskei A, Serrano L	2000	synthetic_negative_autoregulation
10894718	10.1128/jb.182.15.4129-4136.2000	σ54-dependent transcription	Buck M, Gallegos MT, Studholme DJ, Guo Y, Gralla JD	2000	ecoli_nitrogen_assimilation
10899998	10.1073/pnas.97.14.7643	Positive and negative control of the arabinose operon	Schleif R	2000	ecoli_ara_operon
10910359	10.1038/35018085	The segment polarity network is a robust developmental module	von Dassow G, Meir E, Munro EM, Odell GM	2000	drosophila_segment_polarity
10926528	10.1126/science.289.5481.920	The structural basis of ribosome activity in peptide bond synthesis	Nissen P, Hansen J, Ban N, Moore PB, Steitz TA	2000	ecoli_translation_elongation
10947831	10.1016/s1074-7613(00)00020-4	BCL-6 represses genes required for plasma cell differentiation	Shaffer AL, Yu X, He Y, et al.	2000	human_bcl6_gc_fate_switch
10966467	10.1146/annurev.biochem.69.1.183	Two-component signal transduction	Stock AM, Robinson VL, Goudreau PN	2000	ecoli_e._coli_two_component_signaling
10978131		Regulation of the Escherichia coli SOS response	Fernández De Henestrosa AR	2000	ecoli_sos_response
11014182	10.1038/35030006	Structure of the 30S ribosomal subunit	Wimberly BT, Brodersen DE, Clemons WM Jr, Morgan-Warren RJ, Carter AP, Vonrhein C, Hartsch T, Ramakrishnan V	2000	ecoli_ribosome_assembly;ecoli_translation_initiation
11028992	10.1038/35035005	A yeast prion provides a mechanism for genetic variation and phenotypic diversity	True HL, Lindquist SL	2000	yeast_sup35_prion
11031250	10.1146/annurev.cellbio.16.1.653	The Myc/Max/Mad network and the transcriptional control of cell behavior	Grandori C, Cowley SM, James LP, Eisenman RN	2000	human_myc_autoregulation
11034250	10.1038/35039580	The SOS regulatory system of Escherichia coli	Fernández De Henestrosa AR, Ogi T, Aoyagi S, Chafin D, Hayes JJ, Ohmori H, Woodgate R	2000	ecoli_dna_damage_checkpoint
11089985	10.1038/35040582	NusG is a sequence-specific RNA polymerase pause factor that stimulates transcription elongation	Artsimovitch I, Landick R	2000	ecoli_transcription_elongation
11104815	10.1128/mmbr.64.4.694-708.2000	Coupling of flagellar gene expression to flagellar assembly in Salmonella enterica serovar typhimurium and Escherichia coli	Chilcott GS, Hughes KT	2000	ecoli_flagellar_assembly
11313498	10.1126/science.1059495	Structural basis of transcription: RNA polymerase II elongation complex at 3.3 Å resolution	Gnatt AL, Cramer P, Fu J, Bushnell DA, Kornberg RD	2001	ecoli_transcription_elongation
11323133	10.1016/s0092-8674(01)00531-2	Hydrogen peroxide sensor and redox regulator OxyR: activation mechanism and sensing of H2O2	Choi H, Kim S, Mukhopadhyay P, Cho S, Woo J, Storz G, Ryu SE	2001	ecoli_oxidative_stress_response
11350942	10.1093/emboj/20.10.2528	Positive feedback in eukaryotic gene networks: cell differentiation by graded to binary response conversion	Becskei A, Séraphin B, Serrano L	2001	synthetic_positive_autoregulation
11395419	10.1146/annurev.biochem.70.1.703	The pheromone response pathway in Saccharomyces cerevisiae	Dohlman HG, Thorner JW	2001	yeast_mapk_mating
11408658	10.1126/science.1058758	Ordering genes in a flagella pathway by analysis of expression kinetics from living bacteria	Kalir S, McClure J, Pabbaraju K, et al.	2001	ecoli_flhdc_flagellar
11413485	10.1038/35036035	The versatility and universality of calcium signalling	Berridge MJ, Lipp P, Bootman MD	2000	human_calcium_oscillator
11422357	10.1046/j.1365-2958.2001.02462.x	Redox sensing by the ArcB sensor kinase of Escherichia coli: quinone as a direct redox signal	Georgellis D, Kwon O, Lin EC	2001	ecoli_anaerobic_respiration
11423924	10.1126/science.1060612	Initial selection of aminoacyl-tRNA by the ribosome	Ogle JM, Brodersen DE, Clemons WM Jr, Tarry MJ, Carter AP, Ramakrishnan V	2001	ecoli_translation_elongation
11452122	10.1126/science.1062524	Pheromone signaling mechanisms in yeast: a prototypical sex machine	Dohlman HG	2001	yeast_mating_response
11687502		Peroxisome biogenesis.	Purdue PE	2001	yeast_yeast_peroxisome_biogenesis
11700594	10.1002/9780470123028.ch2	Tryptophan biosynthesis	Yanofsky C	2001	ecoli_tryptophan_biosynthesis
11739403	10.1101/gad.903401	IRE1-mediated unconventional mRNA splicing and S2P-mediated ATF6 cleavage merge to regulate XBP1 in signaling the unfolded protein response	Yoshida H	2001	yeast_unfolded_protein_response
11741871	10.1128/jb.183.3.1003-1012.2001	The periplasmic folding factor CpxP modulates the Cpx response	Raivio TL, Silhavy TJ	2001	ecoli_periplasmic_stress
11969206	10.1006/bbrc.2001.2022	Forty years of bacterial fatty acid synthesis	Rock CO, Jackowski S	2002	ecoli_fatty_acid_synthesis
12065764	10.1046/j.1365-2958.2002.03031.x	The RpoS sigma factor of Escherichia coli: synthesis and degradation	Hengge-Aronis R	2002	ecoli_starvation_response
12068798	10.1046/j.1365-2958.2002.02962.x	FtsK, a literate chromosome segregation machine	Aussel L, et al	2002	ecoli_dna_replication_termination
12127453	10.1016/s0959-440x(02)00344-x	Structural insights into the role of rRNA modifications in protein synthesis and ribosome assembly	Decatur WA, Fournier MJ	2002	ecoli_translation_termination
12150915	10.1016/s1097-2765(02)00636-6	Two TOR complexes, only one of which is rapamycin sensitive, have distinct roles in cell growth control	Loewith R, Jacinto E, Wullschleger S, Lorberg A, Crespo JL, Bonenfant D, Oppliger W, Jenoe P, Hall MN	2002	yeast_tor_signaling
12169625	10.1093/emboj/cdf389	Sigma factor selectivity in Escherichia coli: role for CRP, IHF and Lrp transcription factors	Jishage M, Kvint K, Shingler V, Nyström T	2002	ecoli_sigma_factor_competition
12177300	10.1073/pnas.152433099	Transcription termination factor Rho is an RNA-DNA helicase associated with Rho-dependent terminators	Richardson JP	2002	ecoli_transcription_termination
12191620	10.1016/s0163-7258(02)00198-5	Two-component signal transduction as a target for microbial anti-infective therapy	Stephenson K, Hoch JA	2002	ecoli_pho_regulon
12198538	10.1038/nature00965	Coordination of circadian timing in mammals	Reppert SM, Weaver DR	2002	human_circadian_clock
12379844		Receptor sensitivity in bacterial chemotaxis	Sourjik V	2002	ecoli_chemotaxis
12399594	10.1126/science.1074560	Oscillatory expression of the bHLH factor Hes1 regulated by a negative feedback loop	Hirata H, Yoshiura S, Ohtsuka T, et al.	2002	human_hes1_oscillator
12417193	10.1016/s0022-2836(02)00994-4	Negative autoregulation speeds the response times of transcription networks	Rosenfeld N, Elowitz MB, Alon U	2002	synthetic_negative_autoregulation
12424381	10.1126/science.1071914	The IκB-NF-κB signaling module: temporal control and selective gene activation	Hoffmann A, Levchenko A, Scott ML, Baltimore D	2002	human_nfkb_ikb_oscillator
12453205	10.1046/j.1365-2958.2002.03267.x	DNA binding and phosphorylation-dependent dimerization of the response regulator OmpR	Kenney LJ	2002	ecoli_two_component_signaling
12493358	10.1016/s0378-1119(02)00948-4	Nitrogen catabolite repression in Saccharomyces cerevisiae	Magasanik B, Kaiser CA	2002	yeast_tor_signaling
12493770	10.1111/j.1574-6976.2002.tb00614.x	Nitrogen catabolite repression in yeast	Cooper TG	2002	yeast_nitrogen_metabolism
12509509	10.1073/pnas.0235349100	Hysteresis drives cell-cycle transitions in Xenopus laevis egg extracts	Sha W, Moore J, Chen K, Lassaletta AD, Yi CS, Tyson JJ, Sible JC	2003	human_cdk1_mitotic_switch
12511870	10.1038/nrm1012	Bacterial transcription regulation and sigma factor competition	Gruber TM, Gross CA	2003	ecoli_transcription_regulation
12540296	10.1186/gb-2003-4-1-203	Sigma factors in bacterial transcription	Paget MS, Helmann JD	2003	ecoli_transcription_regulation
12576575	10.1099/mic.0.26003-0	Controlling competence in Bacillus subtilis: shared use of regulators	Hamoen LW, Venema G, Kuipers OP	2003	bacillus_competence_development
12581362	10.1046/j.1365-2958.2003.03255.x	ppGpp-dependent stationary phase induction of genes on Escherichia coli	Kvint K, Nachin L, Diez A, Nyström T	2003	ecoli_starvation_response
12629549	10.1038/ncb954	Building a cell cycle oscillator: hysteresis and bistability in the activation of Cdc2	Pomerening JR, Sontag ED, Ferrell JE	2003	human_cdk1_mitotic_switch
12667446	10.1016/s1097-2765(03)00105-9	An integrated stress response regulates amino acid metabolism and resistance to oxidative stress	Harding HP, Zhang Y, Zeng H, et al.	2003	human_perk_atf4_isr
12676795	10.1146/annurev.biochem.72.121801.161547	Silencing in yeast	Rusche LN, Kirchmaier AL, Rine J	2003	yeast_chromatin_silencing
12682013	10.1093/emboj/cdg239	The CusABC efflux system removes toxic ions via a methionine shuttle	Franke S, Grass G, Rensing C, Nies DH	2003	ecoli_heavy_metal_resistance
12700015		The LexA transcriptional repressor	Little JW	2003	ecoli_sos_response
12702273		Novel insights into the osmotic stress response of yeast.	Mager WH	2002	yeast_osmotic_stress_response
12722949	10.1016/s0074-7696(05)24004-4	Transcriptional regulation of meiosis in budding yeast	Kassir Y, Adir N, Boger-Nadjar E, Raviv NG, Rubin-Bejerano I, Sagee S, Shenhar G	2003	yeast_meiosis_regulation
12730325	10.1146/annurev.micro.57.030502.090832	How bacteria assemble flagella	Macnab RM	2003	ecoli_flagellar_assembly
	10.1242/jcs.00460	Signal pathway integration in the switch from the mitotic cell cycle to meiosis in yeast	Honigberg SM, Purnapatre K	2003	yeast_meiosis_regulation
12746439		Global iron-dependent gene regulation in Escherichia coli. A new mechanism for iron homeostasis.	McHugh JP	2003	ecoli_iron_homeostasis
12787347	10.1046/j.1365-2958.2003.03512.x	The alternative sigma factor network in Escherichia coli	Gruber TM, Gross CA	2003	ecoli_sigma_factor_competition
12787501	10.1016/s0092-8674(03)00346-5	Development of genetic circuitry exhibiting toggle switch or oscillatory behavior in Escherichia coli	Atkinson MR, Savageau MA, Myers JT, Ninfa AJ	2003	synthetic_atkinson_oscillator
12829269		Bacterial iron homeostasis.	Andrews SC	2003	ecoli_iron_homeostasis
12887920	10.1016/s0092-8674(03)00521-x	Induction of TNF receptor I-mediated apoptosis via two sequential signaling complexes	Micheau O, Tschopp J	2003	human_tnf_survival_death_decision
1339300	10.1016/0092-8674(92)90590-4	Transcript cleavage factors from E. coli	Borukhov S, Polyakov A, Nikiforov V, Goldfarb A	1992	ecoli_transcription_elongation
13718526	10.1016/s0022-2836(61)80072-7	Genetic regulatory mechanisms in the synthesis of proteins	Jacob F, Monod J	1961	ecoli_lac_operon
1410045	10.1016/s0079-6603(08)60364-4	Nucleotide metabolism	Zalkin H, Dixon JE	1992	ecoli_nucleotide_biosynthesis
1411536	10.1126/science.1411536	Escherichia coli endonuclease III: location of the iron-sulfur cluster in the three-dimensional structure	Kuo CF, McRee DE, Fisher CL, et al	1992	ecoli_base_excision_repair
1441741	10.1002/yea.320080502	Pre-mRNA splicing in yeast	Rymond BC, Rosbash M	1992	yeast_rna_splicing
14505815	10.1016/s0300-9084(03)00143-4	Assembly of the 30S ribosomal subunit	Culver GM	2003	ecoli_ribosome_assembly
14530388	10.1073/pnas.2133841100	Structure and function of the feed-forward loop network motif	Mangan S, Alon U	2003	synthetic_coherent_ffl;synthetic_incoherent_ffl
14596622	10.1021/bi034729a	SulA inhibits assembly of FtsZ by a simple sequestration mechanism	Cordell SC, Robinson EJ, Löwe J	2003	ecoli_dna_damage_checkpoint
14607112	10.1016/j.jmb.2003.09.049	The coherent feedforward loop serves as a sign-sensitive delay element in transcription networks	Mangan S, Zaslaver A, Alon U	2003	synthetic_coherent_ffl
14608371	10.1038/nature02129	Structure of Escherichia coli transcription termination factor rho bound to an RNA substrate	Skordalakes E, Berger JM	2003	ecoli_transcription_termination
14685241	10.1038/nature02189	A self-organizing system of repressor gradients establishes segmental complexity in Drosophila	Clyde DE, Corado MSG, Wu X, et al.	2003	drosophila_gap_gene_network
14729975	10.1128/mcb.24.3.1234-1247.2004	C/EBPα is required for the development of granulocytes and macrophages	Zhang DE, Hetherington CJ, Chen HM, Tenen DG	2004	human_cebpa_myeloid_commitment
14730303	10.1038/ng1293	Dynamics of the p53-Mdm2 feedback loop in individual cells	Lahav G, Rosenfeld N, Sigal A, Geva-Zatorsky N, Levine AJ, Elowitz MB, Alon U	2004	human_p53_mdm2;mouse_p53_mdm2_oscillator
1497310	10.1146/annurev.bi.61.070192.001215	DNA looping	Schleif R	1992	ecoli_ara_operon
15032587	10.1146/annurev.immunol.22.091003.090312	The role of suppressors of cytokine signalling (SOCS) proteins in regulation of the immune response	Alexander WS, Hilton DJ	2004	human_jak_stat_socs
15035009	10.1038/nrmicro787	Mechanism of transcription initiation from an activator-dependent promoter	Browning DF, Busby SJ	2004	ecoli_transcription_regulation
15040261	10.1038/nrmicro884	Acid resistance in E. coli	Foster JW	2004	ecoli_e._coli_acid_resistance
15064770	10.1038/nature02491	Programmed population control by cell-cell communication and regulated killing	You L, Cox RS 3rd, Weiss R, Arnold FH	2004	synthetic_population_control
15083159	10.1038/nrmicro844	DNA uptake during bacterial transformation	Chen I, Dubnau D	2004	bacillus_competence_development
15096621	10.1073/pnas.0307571101	Spatiotemporal control of gene expression with pulse-generating networks	Basu S, Mehreja R, Thiberge S, Chen MT, Weiss R	2004	synthetic_incoherent_ffl
15109499	10.1016/s0092-8674(04)00251-1	Mechanisms of vesicle formation and trafficking	Bonifacino JS, Glick BS	2004	yeast_vesicle_trafficking
15187183	10.1128/mmbr.68.2.234-262.2004	Compartmentalization of gene expression during Bacillus subtilis spore formation	Hilbert DW, Piggot PJ	2004	bacillus_spo0a_sporulation
15242626		Chemotaxis	Sourjik V	2004	ecoli_chemotaxis
15249583	10.1083/jcb.200403069	The TSC1-2 tumor suppressor controls insulin-PI3K signaling via regulation of IRS proteins	Harrington LS, Findlay GM, Gray A, et al.	2004	human_mtorc1_nutrient
15276710	10.1016/j.tips.2004.06.006	Historical review: a brief history and personal retrospective of seven-transmembrane receptors	Lefkowitz RJ	2004	human_camp_pka_desensitization
15300679	10.1002/yea.1134	The yeast pheromone response pathway: a paradigm for eukaryotic signal transduction	Bardwell L	2004	yeast_mating_response
15479073	10.1021/ja048634j	Genetic screens and selections for small molecules based on a synthetic riboswitch that activates protein translation	Desai SK, Gallivan JP	2004	synthetic_theophylline_riboswitch
15499023	10.1126/science.1099962	Oscillations in NF-κB signaling control the dynamics of gene expression	Nelson DE, Ihekwaba AE, Elliott M, et al.	2004	human_nfkb_ikb_oscillator
15640219		Biofilm formation and cellulose expression among diverse environmental Escherichia coli isolates	Bokranz W	2005	ecoli_biofilm_formation
15653074	10.1016/j.tcb.2004.11.007	Control of the eukaryotic cell cycle by MAP kinase signaling pathways	Qi M, Elion EA	2005	yeast_cell_cycle_control
15659673	10.1128/jb.187.4.1124-1133.2005	Fatty acid degradation in Escherichia coli	Clark DP, Cronan JE	2005	ecoli_fatty_acid_degradation
15677467	10.1074/jbc.r400025200	Translational control by the eIF2α kinase GCN2	Hinnebusch AG	2005	yeast_gcn4_starvation
15686551	10.1111/j.1365-2958.2005.04473.x	The Tus-Ter replication fork barrier of Escherichia coli: A signpost for chromosome segregation?	Neylon C, et al	2005	ecoli_dna_replication_termination
15755955	10.1128/mmbr.69.1.101-123.2005	Initiation of translation in bacteria	Laursen BS, Sørensen HP, Mortensen KK, Sperling-Petersen HU	2005	ecoli_translation_initiation
15770419	10.1007/s00018-004-4464-6	The molecular chaperone DnaK and its co-chaperones	Mayer MP, Bukau B	2005	ecoli_heat_shock_response
15800576	10.1038/nature03464	IRF-7 is the master regulator of type-I interferon-dependent immune responses	Honda K, Yanai H, Negishi H, et al.	2005	human_irf7_interferon_amplifier
15802245	10.1016/j.mib.2005.02.010	Regulation of the trp operon	Merino E, Yanofsky C	2005	ecoli_trp_operon
15802258	10.1016/j.mib.2005.02.011	The Ntr signal transduction system	Ninfa AJ, Jiang P	2005	ecoli_nitrogen_assimilation
15819619	10.1111/j.1365-2958.2005.04592.x	Bistability in the Bacillus subtilis K-state (competence) system requires a positive feedback loop	Maamar H, Dubnau D	2005	bacillus_comk_competence;bacillus_competence_development
15858574	10.1038/nature03461	A synthetic multicellular system for programmed pattern formation	Basu S, Gerchman Y, Collins CH, Arnold FH, Weiss R	2005	synthetic_band_detector;synthetic_sender_receiver_qs
15875027	10.1038/nature03508	A synthetic gene-metabolic oscillator	Fung E, Wong WW, Suen JK, Bulter T, Lee SG, Liao JC	2005	synthetic_metabolator
15889097	10.1038/nature03524	Enhancement of cellular memory by reducing stochastic transitions	Acar M, Becskei A, van Oudenaarden A	2005	yeast_gal_bistable_switch
15931169	10.1038/nrg1616	Prions as adaptive conduits of memory and inheritance	Shorter J, Lindquist S	2005	yeast_sup35_prion
15952889	10.1146/annurev.biochem.73.011303.073859	Structure and mechanism of the DNA polymerase III holoenzyme from E. coli	Johnson A, O'Donnell M	2005	ecoli_dna_replication_elongation
15952900	10.1146/annurev.biochem.74.082803.133243	Mismatch repair in replication fidelity, genetic recombination, and cancer biology	Kunkel TA, Erie DA	2005	ecoli_mismatch_repair
15952903	10.1146/annurev.biochem.74.082803.133524	The structural biology of type II fatty acid biosynthesis	White SW, Zheng J, Zhang YM, Rock CO	2005	ecoli_fatty_acid_synthesis
15978076	10.1111/j.1365-2958.2005.04703.x	ATP-dependent regulation of maltose transport in Escherichia coli	Dippel R, Boos W	2005	ecoli_mal_regulon
16003780	10.1002/bit.20632	The tricarboxylic acid cycle in Escherichia coli	Sauer U, Eikmanns BJ	2005	ecoli_tca_cycle
16125763	10.1016/j.cell.2005.08.012	Identification and characterization of MAVS, a mitochondrial antiviral signaling protein that activates NF-κB and IRF3	Seth RB, Sun L, Ea CK, Chen ZJ	2005	human_rig_i_mavs_antiviral
16153702	10.1016/j.cell.2005.08.020	Core transcriptional regulatory circuitry in human embryonic stem cells	Boyer LA, Lee TI, Cole MF, et al.	2005	human_oct4_sox2_nanog_pluripotency
16166384	10.1101/gad.1335705	Evidence that entry into sporulation in Bacillus subtilis is governed by a gradual increase in the level and activity of the master regulator Spo0A	Fujita M, Losick R	2005	bacillus_sporulation_initiation
16166565	10.1126/science.1112304	Achieving stability of lipopolysaccharide-induced NF-κB activation	Covert MW, Leung TH, Gaston JE, Baltimore D	2005	human_tlr4_lps_amplification
16269512	10.1126/stke.2872005pe14	NF-κB survival pathways and the inflammatory response	Werner SL, Barken D, Hoffmann A	2005	human_tlr4_lps_amplification
16285859		The SOS response: recent insights into umuDC-dependent mutagenesis and DNA damage tolerance	Friedberg EC	2005	ecoli_sos_response
16306980	10.1038/nature04405	Synthetic biology: engineering Escherichia coli to see light	Levskaya A, Chevalier AA, Tabor JJ, et al.	2005	synthetic_light_sensor
16330045	10.1016/j.jmb.2005.10.076	Environmentally controlled invasion of cancer cells by engineered bacteria	Anderson JC, Clarke EJ, Arkin AP, Voigt CA	2006	synthetic_phosphorelay_and
16339739	10.1128/mmbr.69.4.262-291.2005	The cell wall integrity pathway in yeast	Levin DE	2005	yeast_cell_wall_integrity
16376539	10.1016/j.sbi.2006.01.015	Mismatch repair proteins MutS and MutL: jack of all trades?	Jiricny J	2006	ecoli_mismatch_repair
1640456	10.1016/0022-2836(92)90952-i	Arginine regulon of Escherichia coli K-12. A study of repressor-operator interactions and of in vitro binding affinities versus in vivo repression	Charlier D, Roovers M, Van Vliet F, Boyen A, Cunin R, Nakamura Y, Glansdorff N, Piérard A	1992	ecoli_arginine_biosynthesis
16406775	10.1016/j.mib.2005.12.008	Envelope stress responses in Gram-negative bacteria	Rowley G, Spector M, Kormanec J, Roberts M	2006	ecoli_periplasmic_stress
16464004	10.1021/cr040471u	Nucleotide excision repair in E. coli	Truglio JJ, Croteau DL, Van Houten B, Kisker C	2006	ecoli_nucleotide_excision_repair
16531234	10.1016/j.str.2005.11.021	Revisiting the lac operon: Functional analysis of the cAMP receptor protein	Napoli AA, Lawson CL, Ebright RH, Berman HM	2006	ecoli_lac_operon
16532007	10.1038/nsmb1072	Structure of the UvrB-DNA complex	Truglio JJ, Karakas E, Rhau B, et al	2006	ecoli_nucleotide_excision_repair
16554821	10.1038/nature04588	An excitable gene regulatory circuit induces transient cellular differentiation	Süel GM, Garcia-Ojalvo J, Liberman LM, Elowitz MB	2006	bacillus_comk_competence
16630813	10.1016/j.cell.2006.03.034	Structural basis of transcription: role of the trigger loop in substrate specificity and catalysis	Wang D, Bushnell DA, Westover KD, Kaplan CD, Kornberg RD	2006	ecoli_transcription_elongation
16701695	10.1016/j.jmb.2006.03.064	Regulatory dynamics of synthetic gene networks with positive feedback	Maeda YT, Sano M	2006	synthetic_positive_autoregulation
16704339		Curli biogenesis and function	Barnhart MM	2006	ecoli_biofilm_formation
16773083	10.1038/msb4100068	Oscillations and variability in the p53 system	Geva-Zatorsky N, Rosenfeld N, Itzkovitz S, et al.	2006	mouse_p53_mdm2_oscillator
16879639	10.1111/j.1365-2958.2006.05249.x	Bistability in bacteria	Dubnau D, Losick R	2006	bacillus_competence_development
16896351	10.1038/nrm1973	Mechanisms and functions of the anaphase promoting complex/cyclosome	Peters JM	2006	yeast_cell_cycle_control
16978046	10.1371/journal.pcbi.0020120	Mathematical modeling identifies inhibitors of apoptosis as mediators of positive feedback and bistability	Legewie S, Blüthgen N, Herzel H	2006	human_apoptosis_caspase_switch
16978048	10.1371/journal.pcbi.0020123	Transcriptional dynamics of the embryonic stem cell switch	Chickarmane V, Troein C, Nuber UA, Sauro HM, Peterson C	2006	human_oct4_sox2_nanog_pluripotency
17013392	10.1038/ng1901	Genome-wide analysis of estrogen receptor binding sites	Carroll JS, Meyer CA, Song J, et al.	2006	human_estrogen_receptor_switch
17074904	10.1099/mic.0.29088-0	The arginine regulon of Escherichia coli: whole-system transcriptome analysis discovers new genes and provides an integrated view of arginine regulation	Caldara M, Charlier D, Cunin R	2006	ecoli_arginine_biosynthesis
1730745		Autophagy in yeast demonstrated with proteinase-deficient mutants and conditions for its induction	Takeshige K	1992	yeast_autophagy
17352659	10.1146/annurev.biochem.76.052705.163409	Mechanisms of mitochondrial protein import	Neupert W	2007	yeast_mitochondrial_import
17371510	10.1111/j.1574-6976.2007.00069.x	The path from nucleotides to ribosome assembly	Kaczanowska M, Rydén-Aulin M	2007	ecoli_ribosome_assembly
17412320	10.1016/j.ydbio.2007.02.036	Bifurcation dynamics in lineage-commitment in bipotent progenitor cells	Huang S, Guo YP, May G, Enver T	2007	human_gata1_pu1_switch;mouse_gata1_spi1_switch
17426725	10.1038/nrm2163	The spindle assembly checkpoint	Musacchio A, Salmon ED	2007	yeast_cell_cycle_control
17506685	10.1146/annurev.micro.61.080706.093409	Nitrogen regulation in bacteria and archaea	Leigh JA, Dodsworth JA	2007	ecoli_nitrogen_assimilation
17510284	10.1101/gad.1522707	PU.1 induces the commitment of multipotent progenitors to the myeloid lineage	Nerlov C, Graf T	2007	mouse_gata1_spi1_switch
17531815	10.1016/j.molcel.2007.04.018	Mechanism of mismatch recognition revealed by human MutSβ bound to unpaired DNA loops	Warren JJ, et al	2007	ecoli_mismatch_repair
17581577	10.1038/nature05978	Base excision repair of oxidative DNA damage	David SS, O'Shea VL, Kundu S	2007	ecoli_base_excision_repair
17666486	10.1152/ajpendo.00359.2007	Metabolic and electrical oscillations: partners in controlling pulsatile insulin secretion	Bertram R, Sherman A, Satin LS	2007	human_beta_cell_insulin_oscillator
17715057	10.1073/pnas.0703961104	A modular and extensible RNA-based gene-regulatory platform for engineering cellular function	Win MN, Smolke CD	2007	synthetic_protease_and_gate
17875410		Yeast osmoregulation.	Hohmann S	2007	yeast_osmotic_stress_response
17908933	10.1101/gad.1583407	Pluripotency governed by Sox2 via regulation of Oct3/4 expression in mouse embryonic stem cells	Masui S, Nakatake Y, Toyooka Y, et al.	2007	mouse_sox2_oct4_pluripotency
17974916	10.1101/gad.1602907	Inactivation of YAP oncoprotein by the Hippo pathway is involved in cell contact inhibition	Zhao B, Wei X, Li W, et al.	2007	human_hippo_yap
17988075	10.1895/wormbook.1.144.1	Dauer	Hu PJ	2007	celegans_dauer_decision
18264115	10.1038/nrmicro1843	Multilevel regulation of the heat shock response in E. coli	Guisbert E, Yura T, Rhodius VA, Gross CA	2008	ecoli_heat_shock_response
18299209	10.1016/j.bbapap.2008.01.013	The Snf1 kinase and energy homeostasis	Hedbacker K, Carlson M	2008	yeast_snf1_pathway
18322035	10.1128/mmbr.00020-07	Recombinational DNA repair in bacteria and the RecBCD pathway	Dillingham MS, Kowalczykowski SC	2008	ecoli_homologous_recombination
18322039	10.1128/mmbr.00014-07	Divisome assembly in Escherichia coli: a molecular perspective	den Blaauwen T, de Pedro MA, Nguyen-Distèche M, Ayala JA	2008	ecoli_cell_division
18364697	10.1038/ncb1711	A bistable Rb-E2F switch underlies the restriction point	Yao G, Lee TJ, Mori S, Nevins JR, You L	2008	human_rb_e2f_restriction_point
18408881	10.1038/nature06700	Structural basis for translation termination on the 70S ribosome	Weixlbaumer A, Jin H, Neubauer C, Voorhees RM, Petry S, Kelley AC, Ramakrishnan V	2008	ecoli_translation_elongation;ecoli_translation_termination
1840891		Budding and cell polarity in Saccharomyces cerevisiae.	Chant J	1991	yeast_yeast_cell_polarity
18434124	10.1016/j.coi.2008.03.016	Transcription factors that regulate memory in humoral responses	Calame KL	2008	human_bcl6_gc_fate_switch
18454629	10.1146/annurev.micro.62.081307.162903	ppGpp: still magical?	Potrykus K, Cashel M	2008	ecoli_stringent_response
1846779	10.1016/0092-8674(91)90238-t	Initiation of sporulation in B. subtilis is controlled by a multicomponent phosphorelay	Burbulys D, Trach KA, Hoch JA	1991	bacillus_spo0a_sporulation;bacillus_sporulation_initiation
18483484	10.1038/nrmicro1887	Coordinating assembly of a bacterial macromolecular machine	Chevance FFV, Hughes KT	2008	ecoli_flhdc_flagellar
18497818	10.1038/nature07003	RecA protein filament structure and DNA strand exchange	Chen Z, Yang H, Pavletich NP	2008	ecoli_homologous_recombination
18498744	10.1016/j.molcel.2008.04.009	Oxygen sensing by metazoans: the central role of the HIF hydroxylase pathway	Kaelin WG Jr, Ratcliffe PJ	2008	human_vhl_hif_oxygen_sensing
18505631	10.1016/j.jaci.2007.10.026	How cells die: apoptosis pathways	Chipuk JE, Green DR	2008	human_bcl2_bax_momp
18535149	10.1128/mmbr.00034-07	Regulation of RNA polymerase sigma subunit synthesis and activity	Wade JT, Struhl K	2008	ecoli_sigma_factor_competition
18626614	10.1007/s00203-008-0429-6	Regulation of bacterial metabolism by catabolite repression	Görke B, Stülke J	2008	ecoli_catabolite_repression
18633409	10.1038/nature07118	Positive feedback of G1 cyclins ensures coherent cell cycle entry	Skotheim JM, Di Talia S, Siggia ED, Cross FR	2008	yeast_whi5_sbf_start
18647627	10.1042/bsr20090031	Mechanism and regulation of protein synthesis in Escherichia coli	Rodnina MV, Wintermeyer W	2009	ecoli_translation_initiation
18724357	10.1038/nature07317	STING is an endoplasmic reticulum adaptor that facilitates innate immune signalling	Ishikawa H, Barber GN	2008	human_cgas_sting_dna_sensing
18779058	10.1016/s1937-6448(08)01003-4	Galactose metabolism in yeast - structure and regulation of the Leloir pathway enzymes and the genes encoding them	Sellick CA, Campbell RN, Reece RJ	2008	yeast_gal_regulation
18950710	10.1016/j.sbi.2008.09.006	Molecular motors of the bacterial flagella	Minamino T, Imada K, Namba K	2008	ecoli_flagellar_assembly
18957687		The molecular machinery of autophagy: unanswered questions	Xie Z	2008	yeast_autophagy
18971928	10.1038/nature07389	A fast, robust and tunable synthetic gene oscillator	Stricker J, Cookson S, Bennett MR, Mather WH, Tsimring LS, Hasty J	2008	synthetic_stricker_oscillator
19194358	10.1038/nrm2636	The GroEL-GroES chaperonin machine	Horwich AL, Fenton WA	2009	ecoli_heat_shock_response
19220742	10.1111/j.1365-2958.2008.06478.x	Termination of DNA replication in Escherichia coli	Duggin IG, Bell SD	2009	ecoli_dna_replication_termination
19245934	10.1016/s0065-2164(08)01001-8	Mechanism of the allosteric regulation of the lac repressor	Swint-Kruse L, Matthews KS	2009	ecoli_lac_operon
19286985	10.1128/ec.00014-09	The EGO complex orchestrates the response to amino acid availability	Binda M, Péli-Gulli MP, Bonfils G, Panchaud N, Urban J, Sturgill TW, Loewith R, De Virgilio C	2009	yeast_tor_signaling
19359587	10.1126/science.1172896	The structure of the ribosome with elongation factor G trapped in the posttranslocational state	Gao YG, Selmer M, Dunham CM, Weixlbaumer A, Kelley AC, Ramakrishnan V	2009	ecoli_translation_termination
19478183	10.1126/science.1172005	Synthetic gene networks that count	Friedland AE, Lu TK, Wang X, Shi D, Church G, Collins JJ	2009	synthetic_recombinase_counter
1956296	10.1111/j.1365-2958.1991.tb01893.x	The MalT-dependent transcriptional activation of the maltose regulon	Richet E, Vidal-Ingigliardi D, Raibaud O	1991	ecoli_mal_regulon
19563759	10.1016/j.cell.2009.04.048	A synthetic genetic edge detection program	Tabor JJ, Salis HM, Simpson ZB, et al.	2009	synthetic_edge_detector
19762341	10.1093/jb/mvp166	The unfolded protein response in yeast	Mori K	2009	yeast_er_stress_response
19801976	10.1038/nbt.1569	Induction of protein-protein interactions in live cells using light	Yazawa M, Sadaghiani AM, Hsueh B, Dolmetsch RE	2009	synthetic_optogenetic_toggle
19878981	10.1016/j.cell.2009.10.014	An epigenetic switch involving NF-κB, Lin28, let-7 and IL6 links inflammation to transformation	Iliopoulos D, Hirsch HA, Struhl K	2009	human_il6_stat3_inflammation
19943906	10.1111/j.1365-2958.2009.06962.x	RecN protein and transcription factor DksA combine to promote faithful recombinational repair of DNA double-strand breaks	Keyamura K, Arai K, Hishida T	2009	ecoli_dna_damage_checkpoint
19956253	10.1038/nature08533	Forcing cells to change lineages	Graf T, Enver T	2009	human_gata1_pu1_switch
20005851	10.1016/j.molcel.2009.11.018	The incoherent feedforward loop can provide fold-change detection in gene regulation	Goentoro L, Shoval O, Kirschner MW, Alon U	2009	synthetic_fold_change_detector
20018552	10.1016/j.cytogfr.2009.11.005	Dangerous liaisons: STAT3 and NF-κB collaboration and crosstalk in cancer	Grivennikov SI, Karin M	2010	human_il6_stat3_inflammation
20072126	10.1038/nature08750	Role of conserved non-coding DNA elements in the Foxp3 gene in regulatory T-cell commitment	Zheng Y, Josefowicz S, Chaudhry A, Peng XP, Forbush K, Rudensky AY	2010	human_foxp3_treg_switch
20090747	10.1038/nature08753	A synchronized quorum of genetic clocks	Danino T, Mondragón-Palomino O, Tsimring L, Hasty J	2010	synthetic_synchronized_qs_oscillator
20157337	10.1038/nrmicro2314	The bacterial replication initiator DnaA. DnaA and oriC, the bacterial replication origin	Katayama T, Ozaki S, Keyamura K, Fujimitsu K	2010	ecoli_dna_replication_initiation
20192755	10.1146/annurev-arplant-042809-112122	Abscisic acid: emergence of a core signaling network	Cutler SR, Rodriguez PL, Finkelstein RR, Abrams SR	2010	arabidopsis_aba_guard_cell
20548291	10.1038/nrg2749	CRISPR-Cas systems in bacteria and archaea	Marraffini LA, Sontheimer EJ	2010	ecoli_phage_defense
20603012	10.1016/j.cell.2010.06.028	Two to tango: regulation of mammalian iron metabolism	Hentze MW, Muckenthaler MU, Galy B, Camaschella C	2010	human_iron_irp_ire
20676094	10.1038/nsmb.1891	FtsZ filament structure reveals the structural basis for assembly dynamics and constriction force generation	Erickson HP, Anderson DE, Osawa M	2010	ecoli_cell_division
20683470	10.1038/nrm2952	Mitochondria and cell death: outer membrane permeabilization and beyond	Tait SW, Green DR	2010	human_bcl2_bax_momp
20804724	10.1016/j.bbabio.2010.08.010	The Warburg and Crabtree effects: On the origin of cancer cell energy metabolism and of yeast glucose repression	Diaz-Ruiz R, Rigoulet M, Devin A	2011	yeast_glycolysis
20926516	10.1101/cshperspect.a000299	Bacterial nanomachines: the flagellum and type III injectisome	Erhardt M, Namba K, Hughes KT	2010	ecoli_flagellar_assembly
20927566	10.1007/s00018-010-0536-y	The gap gene network	Jaeger J	2011	drosophila_gap_gene_network
21150903	10.1038/nature09565	Robust multicellular computing using genetically encoded NOR gates and chemical wires	Tamsir A, Tabor JJ, Voigt CA	2011	synthetic_consortium_logic;synthetic_nor_gate;synthetic_or_gate
21152004	10.1371/journal.pone.0015123	SCL/TAL1 is a major nuclear effector of the Notch/RBPJ pathway in thymocyte development	Lacombe MJ, Del Blanco B, Anguita E, et al.	2010	human_scl_tal1_hematopoietic_switch
21157483		Molecular mechanism and physiological functions of autophagy	Mizushima N	2011	yeast_autophagy
21258367	10.1038/ncb2152	AMPK and mTOR regulate autophagy through direct phosphorylation of Ulk1	Kim J, Kundu M, Viollet B, Guan KL	2011	human_mtor_ulk1_autophagy
21371479	10.1016/j.jmb.2011.01.018	The bacterial transcription cycle: promoter melting and open complex formation	Saecker RM, Record MT Jr, Dehaseth PL	2011	ecoli_transcription_regulation
21376230	10.1016/j.cell.2011.02.016	TOR signaling in growth and metabolism	Loewith R, Hall MN	2011	yeast_tor_signaling
21417720	10.1146/annurev-biochem-060809-095203	Regulation of the heat shock response in eukaryotes	Anckar J, Sistonen L	2011	human_hsf1_heat_shock
21427764	10.1038/nrm3062	The unfolded protein response: controlling cell fate decisions under ER stress and beyond	Walter P	2011	yeast_unfolded_protein_response
21517912		The LEE-encoded type III secretion system of enteropathogenic Escherichia coli: a model for understanding EPEC pathogenesis	Dean P	2011	ecoli_type_iii_secretion
21555549	10.1073/pnas.1015741108	Versatile RNA-sensing transcriptional regulators for engineering genetic networks	Lucks JB, Qi L, Mutalik VK, Wang D, Arkin AP	2011	synthetic_rna_attenuator
21556066	10.1038/msb.2011.20	Stimulus-dependent dynamics of p53 in single cells	Batchelor E, Loewer A, Mock C, Lahav G	2011	human_p53_mdm2
21601677	10.1016/b978-0-12-385114-7.00022-4	The unfolded protein response in yeast	Kimata Y	2011	yeast_unfolded_protein_response
2164424	10.1073/pnas.87.16.6181	Activation of the Escherichia coli SoxRS regulon by superoxide stress	Greenberg JT, Monach P, Chou JH, Josephy PD, Demple B	1990	ecoli_oxidative_stress_response
21782231	10.1016/j.cell.2011.06.041	MAVS forms functional prion-like aggregates to activate and propagate antiviral innate immune response	Hou F, Sun L, Zheng H, Skaug B, Jiang QX, Chen ZJ	2011	human_rig_i_mavs_antiviral
21785438	10.1038/nature10241	A Polycomb-based switch underlying quantitative epigenetic memory	Angel A, Song J, Dean C, Howard M	2011	arabidopsis_flc_vernalization
2182320	10.1002/j.1460-2075.1990.tb08217.x	Negative autoregulation of c-myc transcription	Penn LJ, Brooks MW, Laufer EM, Land H	1990	human_myc_autoregulation
21827746	10.1016/j.febslet.2011.07.044	DegP: a protease of protein quality control in the bacterial periplasm	Clausen T, Kaiser M, Huber R, Ehrmann M	2011	ecoli_periplasmic_stress
21858987	10.1038/nrm3173	Ribosome assembly coming into focus	Shajani Z, Sykes MT, Williamson JR	2011	ecoli_ribosome_assembly
21930698	10.1074/jbc.r111.259473	The Escherichia coli DNA polymerase III holoenzyme	McHenry CS	2011	ecoli_dna_replication_elongation
22009040	10.1038/ncomms1516	Engineering modular and orthogonal genetic logic gates for robust digital-like synthetic biology	Wang B, Kitney RI, Joly N, Buck M	2011	synthetic_and_gate
22116877	10.1126/science.1209038	The unfolded protein response: from stress pathway to homeostatic regulation	Walter P, Ron D	2011	human_ire1_xbp1_upr
22134354	10.4161/cc.10.24.18552	miR-34 and SNAIL form a double-negative feedback loop to regulate epithelial-mesenchymal transition	Siemens H, Jackstadt R, Hünten S, et al.	2011	human_snail_mir34_emt
22209905	10.1534/genetics.111.128033	The response to heat shock and oxidative stress in Saccharomyces cerevisiae.	Morano KA	2012	yeast_oxidative_stress_response
22278057	10.1038/nature10772	Extrathymically generated regulatory T cells control mucosal TH2 inflammation	Josefowicz SZ, Niec RE, Kim HY, et al.	2012	human_foxp3_treg_switch
22436748	10.1038/nrm3311	AMPK: a nutrient and energy sensor that maintains energy homeostasis	Hardie DG, Ross FA, Hawley SA	2012	human_ampk_energy_homeostat
2246066	10.1093/jn/120.suppl_1.23	OxyR: a regulator of antioxidant genes	Storz G, Tartaglia LA, Ames BN	1990	ecoli_oxidative_stress_response
22473468	10.1038/nrm3330	The functions and regulation of the PTEN tumour suppressor	Song MS, Salmena L, Pandolfi PP	2012	human_pten_pi3k_akt
22503770	10.1016/j.tig.2012.03.002	Control of RecBCD recombination pathways by the Chi sequence	Smith GR	2012	ecoli_homologous_recombination
22555442	10.1534/genetics.111.134577	Mating-type genes and MAT switching in Saccharomyces cerevisiae	Haber JE	2012	yeast_mating_type_switching
22580561	10.1038/nsmb.2269	Structure of the EnvZ osmosensor and molecular basis of signal transduction	Wang LC, Morgan LK, Godakumbura P, Kenney LJ, Anand GS	2012	ecoli_two_component_signaling
22615351	10.1073/pnas.1202344109	Rewritable digital data storage in live cells via engineered control of recombination directionality	Bonnet J, Subsoontorn P, Endy D	2012	synthetic_integrase_memory
22682243	10.1016/j.cell.2012.05.012	Wnt/β-catenin signaling and disease	Clevers H, Nusse R	2012	human_wnt_beta_catenin
22685280	10.1128/jb.00817-12	The Cpx envelope stress response is controlled by amplification and feedback inhibition	Vogt SL, Raivio TL	2012	ecoli_periplasmic_stress
22700930	10.1126/science.1218351	p53 dynamics control cell fate	Purvis JE, Karhohs KW, Mock C, et al.	2012	human_p53_apoptosis_decision
22841294	10.1016/j.str.2012.08.001	Structural dynamics of ribosome subunit association studied by mixing-spraying time-resolved cryogenic electron microscopy	Chen J, Tsai A, O'Leary SE, Petrov A, Puglisi JD	2012	ecoli_translation_initiation
22889723	10.1016/j.bbamcr.2012.04.007	The BAM complex in outer membrane protein biogenesis	Ricci DP, Silhavy TJ	2012	ecoli_outer_membrane_assembly
22992590	10.1038/nrm3434	TGFβ signalling in context	Massagué J	2012	human_tgfbeta_smad
23041931	10.1038/nature11516	Genetic programs constructed from layered logic gates in single cells	Moon TS, Lou C, Tamsir A, Stanton BC, Voigt CA	2012	synthetic_three_input_and
23044417	10.1016/j.bbrc.2012.09.136	Defective ER associated degradation of a model luminal substrate in yeast carrying a mutation in the 4th ER luminal loop of Sec61p.	Wheeler MC	2012	yeast_yeast_er_associated_degradation
23151663	10.1038/nrm3468	Mechanisms of ubiquitin-proteasome system regulation and substrate recognition	Finley D, Ulrich HD, Sommer T, Kaiser P	2012	yeast_ubiquitin_proteasome
23258413	10.1126/science.1232458	Cyclic GMP-AMP synthase is a cytosolic DNA sensor that activates the type I interferon pathway	Sun L, Wu J, Du F, Chen X, Chen ZJ	2013	human_cgas_sting_dna_sensing
23306555	10.1038/cdd.2012.155	A threshold mechanism mediates p53 cell fate decision between growth arrest and apoptosis	Kracikova M, Akiri G, George A, Sachidanandam R, Aaronson SA	2013	human_p53_apoptosis_decision
23396014	10.1038/nbt.2510	Synthetic circuits integrating logic and memory in living cells	Siuti P, Yazbek J, Lu TK	2013	synthetic_integrase_memory
23500459	10.1016/j.plipres.2013.02.002	Bacterial lipids: metabolism and membrane homeostasis	Parsons JB, Rock CO	2013	ecoli_fatty_acid_synthesis
23539178	10.1126/science.1232758	Amplifying genetic logic gates	Bonnet J, Yin P, Ortiz ME, Subsoontorn P, Endy D	2013	synthetic_xor_gate
23590490	10.1146/annurev-micro-092412-155607	Regulation of RNA polymerase by ppGpp and DksA	Ross W, Vrentas CE, Sanchez-Vazquez P, Gaal T, Gourse RL	2013	ecoli_stringent_response
23719536	10.1038/nrm3598	The mechanisms of Hedgehog signalling and its roles in development and disease	Briscoe J, Thérond PP	2013	human_shh_gli
23890179	10.1016/j.cell.2013.06.044	CRISPR-mediated modular RNA-guided regulation of transcription in eukaryotes	Gilbert LA, Larson MH, Morsut L, Liu Z, Brar GA, Torres SE, Stern-Ginossar N, Brandman O, Whitehead EH, Doudna JA, Lim WA, Weissman JS, Qi LS	2013	synthetic_crispra_layered_logic
23972859	10.1016/j.bpj.2013.07.011	Coupled reversible and irreversible bistable switches underlying TGF-β-induced EMT	Tian XJ, Zhang H, Xing J	2013	human_emt_zeb_mir200
23979428	10.1038/nrmicro3103	Biofilm formation in Bacillus subtilis	Vlamakis H, Chai Y, Beauregard P, Losick R, Kolter R	2013	bacillus_biofilm_formation
24154725	10.1073/pnas.1318192110	MicroRNA-based regulation of epithelial-hybrid-mesenchymal fate determination	Lu M, Jolly MK, Levine H, Onuchic JN, Ben-Jacob E	2013	human_emt_zeb_mir200
24267450	10.1016/j.molcel.2013.10.020	The bacterial replisome: back on track?	Robinson A, van Oijen AM	2013	ecoli_dna_replication_elongation
24362405	10.1038/nri3581	Regulation of type I interferon responses	Ivashkiv LB, Donlin LT	2014	human_irf7_interferon_amplifier
24509820	10.1038/nchembio.1437	Ubiquinone accumulation improves osmotic-stress tolerance in Escherichia coli.	Sévin DC	2014	ecoli_e._coli_osmotic_stress_response
24630722	10.1016/j.cell.2014.02.008	Unified polymerization mechanism for the assembly of ASC-dependent inflammasomes	Lu A, Magupalli VG, Ruan J, et al.	2014	human_nlrp3_inflammasome
24630723	10.1016/j.cell.2014.01.063	Prion-like polymerization underlies signal transduction in antiviral immune defense and inflammasome activation	Cai X, Chen J, Xu H, et al.	2014	human_nlrp3_inflammasome
24947454	10.1038/ncomms5115	Nitrogen stress response and stringent response are coupled in Escherichia coli.	Brown DR	2014	ecoli_e._coli_stringent_response
25002086		Type III secretion systems: bacterial nanomachines for protein delivery into target cells	Galán JE	2014	ecoli_type_iii_secretion
25032908	10.1016/j.copbio.2014.06.018	Protein folding and secretion: mechanistic insights advancing recombinant protein production in S. cerevisiae.	Young CL	2014	yeast_protein_folding
25081213	10.1093/nar/gku635	Sigma factor selectivity of Escherichia coli RNA polymerase	Mauri M, Klumpp S	2014	ecoli_rna_polymerase_recycling
25313164	10.1088/1478-3975/11/5/056007	Sigma factor competition: a mechanism for bacterial adaptation	Mauri M, Klumpp S	2014	ecoli_sigma_factor_competition
2536713		DnaB helicase activation: the role of DnaC and DNA	Wahle E, Lasken RS, Kornberg A	1989	ecoli_dna_replication_initiation
25395541	10.1126/science.1256272	Genomically encoded analog memory with precise in vivo DNA writing in living cell populations	Farzadfard F, Lu TK	2014	synthetic_crispr_recorder
25417166	10.1016/j.cell.2014.10.002	Toehold switches: de-novo-designed regulators of gene expression	Green AA, Silver PA, Collins JJ, Yin P	2014	synthetic_toehold_riboregulator
25452175	10.1016/j.cbi.2014.10.016	Free radicals, reactive oxygen species, oxidative stress and its classification.	Lushchak VI	2014	yeast_oxidative_stress_response
2546677	10.1016/0092-8674(89)90838-6	Positive autoregulation of the myogenic determination gene MyoD1	Thayer MJ, Tapscott SJ, Davis RL, Wright WE, Lassar AB, Weintraub H	1989	human_myod_myogenesis
25487021	10.1007/978-3-319-11731-7_8	Chaperonin-co-chaperonin interactions.	Boshoff A	2015	ecoli_protein_folding_chaperones
25585159	10.1038/nrm3934	The pentose phosphate pathway	Stincone A, Prigione A, Cramer T, et al.	2015	ecoli_pentose_phosphate_pathway
25655354	10.1016/j.bbapap.2015.01.013	On the mechanism of Escherichia coli pyridoxal kinase inhibition by pyridoxal and pyridoxal 5'-phosphate.	di Salvo ML	2015	ecoli_phosphate_regulation
25730490	10.1038/nmeth.3312	Highly efficient Cas9-mediated transcriptional programming	Chavez A, Scheiman J, Vora S, Pruitt BW, Tuttle M, E PRI E, Lin S, Kiani S, Guzman CD, Wiegand DJ, Ter-Ovanesyan D, Braff JL, Davidsohn N, Housden BE, Perrimon N, Weiss R, Aach J, Collins JJ, Church GM	2015	synthetic_crispra_layered_logic
25737124	10.4014/jmb.1412.12079	Production of Biopharmaceuticals in E. coli: Current Scenario and Future Perspectives.	Baeshen MN	2015	ecoli_protein_folding_chaperones
25741323	10.3389/fmicb.2015.00478	The Min system and other nucleoid-independent regulators of Z ring positioning	Rowlett VW, Margolin W	2015	ecoli_cell_division
25793961		Structure and assembly of the bacterial type III secretion machine	Diepold A	2015	ecoli_type_iii_secretion
25853779	10.1038/nrmicro3449	Structural basis of ppGpp riboswitch function	Hauryliuk V, Atkinson GC, Murakami KS, Tenson T, Gerdes K	2015	ecoli_stringent_response
25983732	10.3389/fmicb.2015.00402	The Pho regulon: a huge regulatory network in bacteria	Santos-Beneit F	2015	ecoli_pho_regulon
26104364	10.1128/microbiolspec.mdna3-0013-2014	Mechanisms and regulation of mating-type switching in Saccharomyces cerevisiae	Haber JE	2012	yeast_mating_response
26350459	10.1074/jbc.r115.662783	Bacterial replication initiation: DnaA protein controls oriC	Leonard AC, Grimwade JE	2015	ecoli_dna_replication_initiation
26437435	10.3390/biom5042107	The mitochondrial protein import machinery	Endo T	2015	yeast_mitochondrial_import
26443764	10.1128/ecosalplus.5.4.5	Osmotic Stress.	Altendorf K	2009	ecoli_e._coli_osmotic_stress_response
26443778	10.1128/ecosalplus.3.6.2.1	Sulfur metabolism in Escherichia coli	Kredich NM	2008	ecoli_sulfur_metabolism
26517598		Bacterial resistance in biofilm-associated bacteria	Jamal M	2015	ecoli_biofilm_formation;ecoli_quorum_sensing
26544935	10.1016/j.cell.2015.10.044	The Hippo pathway: regulators and regulations	Yu FX, Zhao B, Guan KL	2015	human_hippo_yap
2676517		Membrane protein sorting: biosynthesis, transport and processing of yeast vacuolar alkaline phosphatase.	Klionsky DJ	1989	yeast_yeast_vacuolar_protein_sorting
26840489	10.1038/nature16966	SEDS proteins are a widespread family of bacterial cell wall polymerases	Meeske AJ, Riley EP, Robins WP, Uehara T, Mekalanos JJ, Kahne D, Walker S, Kruse AC, Bernhardt TG, Rudner DZ	2016	ecoli_cell_division
26925399	10.3389/fbioe.2016.00017	Genome-Wide Transcriptional Response of Saccharomyces cerevisiae to Stress-Induced Perturbations.	Taymaz-Nikerel H	2016	yeast_osmotic_stress_response
2699410	10.1111/j.1574-6968.1989.tb03709.x	Mixed-acid fermentation in Escherichia coli	Clark DP	1989	ecoli_glycolysis
27034378	10.1126/science.aac7341	Genetic circuit design automation	Nielsen AAK, Der BS, Shin J, et al.	2016	synthetic_layered_nor_cascade
27065163	10.1002/cphy.c150015	Regulation of the hypothalamic-pituitary-adrenocortical stress response	Herman JP, McKlveen JM, Ghosal S, et al.	2016	human_glucocorticoid_hpa_axis
27074666	10.7554/elife.13684	Recycling of the RNA polymerase in Escherichia coli	Harden TT, Wells CD, Friedman LJ, Landick R, Hochschild A, Kondev J, Gelles J	2016	ecoli_rna_polymerase_recycling
27085703	10.1007/s00018-016-2220-3	The final cut: cell polarity meets cytokinesis at the bud neck in S. cerevisiae.	Juanes MA	2016	yeast_yeast_cell_polarity
27136686	10.1016/j.cels.2016.01.004	Antithetic integral feedback ensures robust perfect adaptation in noisy biomolecular networks	Briat C, Gupta A, Khammash M	2016	synthetic_antithetic_integral_feedback
27226568	10.1074/jbc.m116.717488	Regulation of Vacuolar H+-ATPase (V-ATPase) Reassembly by Glycolysis Flow in 6-Phosphofructo-1-kinase (PFK-1)-deficient Yeast Cells.	Chan CY	2016	yeast_yeast_glycolysis_regulation
27434674	pii: e17029. 10.7554/elife.17029	Ribosome•RelA structures reveal the mechanism of stringent response activation.	Loveland AB	2016	ecoli_e._coli_stringent_response
27463678	10.1126/science.aad8559	Synthetic recombinase-based state machines in living cells	Roquet N, Soleimany AP, Ferris AC, Aaronson S, Lu TK	2016	synthetic_recombinase_counter
27493186	10.1126/science.aaf8993	Structure of the yeast 26S proteasome at 3.6 Angstrom resolution	Luan B, Huang X, Wu J, Mei Z, Wang Y, Xue X, Yan C, Wang J, Finley DJ, Shi Y, Wang F	2016	yeast_ubiquitin_proteasome
27620723		Iron Homeostasis Regulates the Genotoxicity of Escherichia coli That Produces Colibactin.	Tronnet S	2016	ecoli_iron_homeostasis
27732583	10.1038/nature19841	Synchronous long-term oscillations in a synthetic gene circuit	Potvin-Trottier L, Lord ND, Vinnicombe G, Paulsson J	2016	synthetic_5node_repressilator
27757702	10.1007/s10482-016-0781-7	Increasing dissolved-oxygen disrupts iron homeostasis in production cultures of Escherichia coli.	Baez A	2017	ecoli_iron_homeostasis
28241148	10.1038/nature21695	Cytosolic proteostasis through importing of misfolded proteins into mitochondria.	Ruan L	2017	yeast_heat_shock_response;yeast_protein_folding
28283059	10.1016/j.cell.2017.02.027	Stress-Triggered Phase Separation Is an Adaptive, Evolutionarily Tuned Response.	Riback JA	2017	yeast_heat_shock_response
28283069	10.1016/j.cell.2017.02.004	mTOR signaling in growth, metabolism, and disease	Saxton RA, Sabatini DM	2017	human_mtorc1_nutrient
28301741	10.1146/annurev-biochem-061516-044716	The mechanism of Rho-dependent transcription termination	Mitra P, Ghosh G, Hafeezunnisa M, Sen R	2017	ecoli_rna_polymerase_recycling
28408482	10.1042/bst20160367	Small regulatory bacterial RNAs regulating the envelope stress response.	Klein G	2017	ecoli_envelope_stress_response
28409300	10.1007/978-3-319-53150-2_3	Intrinsic and Extrinsic Determinants Linking Spindle Pole Fate, Spindle Polarity, and Asymmetric Cell Division in the Budding Yeast S. cerevisiae.	Geymonat M	2017	yeast_yeast_cell_polarity
28431241	10.1016/j.cell.2017.04.001	AKT/PKB signaling: navigating the network	Manning BD, Toker A	2017	human_akt_foxo_insulin
2844115		Redistribution of phosphate pools and the regulation of Escherichia coli adenylate cyclase activity.	Peterkofsky A	1988	ecoli_phosphate_regulation
28526819	10.1038/ncomms15459	Digital logic circuits in yeast with CRISPR-dCas9 NOR gates	Gander MW, Vrana JD, Voje WE, Carothers JM, Klavins E	2017	synthetic_dcas9_logic
28721857	10.1128/microbiolspec.funk-0048-201610.1128/microbiolspec.funk-0048-2016	Stress Adaptation.	Brown AJP	2017	yeast_heat_shock_response
28782202	10.1002/bies.201700050	Evolution of peroxisomes illustrates symbiogenesis.	Speijer D	2017	yeast_yeast_peroxisome_biogenesis
28986375	10.1128/aem.01636-17	Stringent Response Regulators Contribute to Recovery from Glucose Phosphate Stress in Escherichia coli.	Kessler JR	2017	ecoli_e._coli_stringent_response
28990585	10.1038/nri.2017.108	The diverse functions of the PD1 inhibitory pathway	Sharpe AH, Pauken KE	2018	human_pd1_pdl1_checkpoint
29578536	10.1038/nmeth.4635	Burden-driven feedback control of gene expression	Ceroni F, Boo A, Furini S, et al.	2018	synthetic_burden_feedback_controller
29719269	10.1016/j.ceb.2018.04.004	Mechanistic insights into ER-associated protein degradation.	Wu X	2018	yeast_yeast_er_associated_degradation
2981804		Phosphate-specific transport system of Escherichia coli: nucleotide sequence and gene-polypeptide relationships	Surin BP, Rosenberg H, Cox GB	1985	ecoli_pho_regulon
30069936	10.1111/mmi.14092	Autonomous control mechanism of stator assembly in the bacterial flagellar motor in response to changes in the environment.	Minamino T	2018	ecoli_e._coli_flagellar_assembly
30244972	10.1016/j.cmet.2018.07.012	The protein import machinery of mitochondria-a regulatory hub in metabolism, stress, and disease	Pfanner N	2019	yeast_mitochondrial_import
3036372	10.1016/0092-8674(87)90221-2	Timing of DnaA protein-controlled initiation of DNA replication in E. coli	Sekimizu K, Bramhill D, Kornberg A	1987	ecoli_dna_replication_initiation
30378032	10.1007/978-981-13-2233-4_16	Characterization of Peroxisomal Regulation Networks.	Mast FD	2018	yeast_yeast_peroxisome_biogenesis
30487609	10.1038/s41586-018-0749-z	Metabolic reprogramming by the S-nitroso-CoA reductase system protects against kidney injury.	Zhou HL	2019	yeast_yeast_glycolysis_regulation
3054468	10.1128/mr.52.4.452-469.1988	The ArcA two-component signal transduction system regulates Escherichia coli metabolism during anaerobic growth	Iuchi S, Lin EC	1988	ecoli_anaerobic_respiration
3070323		Life cycle of the budding yeast Saccharomyces cerevisiae	Herskowitz I	1988	yeast_mating_type_switching
30971490	10.1073/pnas.1903846116	Mechanism of transcription termination by E. coli RNA polymerase	Roberts JW	2019	ecoli_rna_polymerase_recycling
31217585	10.1038/s41586-019-1321-1	A universal biomolecular integral feedback controller for robust perfect adaptation	Aoki SK, Lillacci G, Gupta A, Baumschlager A, Schweingruber D, Khammash M	2019	synthetic_antithetic_integral_feedback
31235960	10.1038/s41564-019-0496-4	Plasmid-encoded tet(X) genes that confer high-level tigecycline resistance in Escherichia coli.	Sun J	2019	ecoli_antibiotic_efflux_pumps
31266875	10.1128/mbio.01330-19	The Stringent Response Inhibits DNA Replication Initiation in E. coli by Modulating Supercoiling of oriC.	Kraemer JA	2019	ecoli_e._coli_stringent_response
31302002	10.1016/j.molcel.2019.07.011	Single-nucleotide-resolution computing and memory in living cells (DOMINO)	Farzadfard F, Gharaei N, Higashikuni Y, et al.	2019	synthetic_crispr_recorder
32127452	10.1128/mbio.02930-19	Emergence of a Plasmid-Encoded Resistance-Nodulation-Division Efflux Pump Conferring Resistance to Multiple Drugs, Including Tigecycline, in Klebsiella pneumoniae.	Lv L	2020	ecoli_antibiotic_efflux_pumps
32169942	10.1128/aem.00120-20	CosR Is a Global Regulator of the Osmotic Stress Response with Widespread Distribution among Bacteria.	Gregory GJ	2020	ecoli_e._coli_osmotic_stress_response
32327568	10.1126/science.aaz2449	Structural basis of ER-associated protein degradation mediated by the Hrd1 ubiquitin ligase complex.	Wu X	2020	yeast_yeast_er_associated_degradation
32482724	pii: jb.00236-20. 10.1128/jb.00236-20	Assembly mechanism of a supramolecular MS-ring complex to initiate bacterial flagellar biogenesis in Vibrio species.	Terashima H	2020	ecoli_e._coli_flagellar_assembly
3275651		Transcription attenuation	Yanofsky C	1988	ecoli_trp_operon
33173005	10.1128/mbio.02743-20	Different Routes of Protein Folding Contribute to Improved Protein Production in Saccharomyces cerevisiae.	Qi Q	2020	yeast_protein_folding
33197221		Autophagy genes in biology and disease	Levine B	2021	yeast_autophagy
34283283	10.1007/s00284-021-02613-7	C Group-Mediated Antibiotic Stress Mimics the Cold Shock Response.	Cardoza E	2021	ecoli_cold_shock_response
34472666	10.1111/gtc.12892	Post-translational modifications of proteins associated with yeast peroxisome membrane: An essential mode of regulatory mechanism.	Infant T	2021	yeast_yeast_peroxisome_biogenesis
34668544	10.1242/jcs.258469	Compartmentalization and metabolic regulation of glycolysis.	Fuller GG	2021	yeast_yeast_glycolysis_regulation
34720078		Plant Based Natural Products as Quorum Sensing Inhibitors in Food Spoilage Bacteria	Raorane CJ	2021	ecoli_quorum_sensing
34954369	10.1016/j.ijantimicag.2021.106505	Polymyxin causes cell envelope remodelling and stress responses in mcr-1-harbouring Escherichia coli.	Nang SC	2022	ecoli_envelope_stress_response
34989900	10.1007/s11274-021-03222-z	Transcriptomic analysis of formic acid stress response in Saccharomyces cerevisiae.	Zeng L	2022	yeast_oxidative_stress_response
35150808	10.1016/j.bbamcr.2022.119238	Glycerol 3-phosphate dehydrogenase regulates heat shock response in Saccharomyces cerevisiae.	Pallapati AR	2022	yeast_heat_shock_response
35158208	10.1016/j.bbrc.2022.02.016	Involvement of Gtr1p in the oxidative stress response in yeast Saccharomyces cerevisiae.	Sekiguchi T	2022	yeast_oxidative_stress_response
35294769	10.1007/s40265-022-01688-1	Sulopenem: An Intravenous and Oral Penem for the Treatment of Urinary Tract Infections Due to Multidrug-Resistant Bacteria.	Zhanel GG	2022	ecoli_antibiotic_efflux_pumps
3534538		Biosynthesis and metabolism of arginine in bacteria	Cunin R, Glansdorff N, Piérard A, Stalon V	1986	ecoli_arginine_biosynthesis
354503	10.1146/annurev.bi.47.070178.002203	Biosynthesis of amino acids	Umbarger HE	1978	ecoli_amino_acid_biosynthesis
35630329		Mechanisms of Inhibition of Quorum Sensing as an Alternative for the Control of E. coli and Salmonella	Castillo-Juárez I	2022	ecoli_quorum_sensing
35636514	10.1016/j.jbc.2022.102083	Intracellular localization of the proteasome in response to stress conditions.	Enenkel C	2022	yeast_osmotic_stress_response
35648826	10.1073/pnas.2118566119	A broadly applicable, stress-mediated bacterial death pathway regulated by the phosphotransferase system (PTS) and the cAMP-Crp cascade.	Zeng J	2022	ecoli_phosphate_regulation
35920318	10.1093/nar/gkac643	Alteration of DNA supercoiling serves as a trigger of short-term cold shock repressed genes of E. coli.	Dash S	2022	ecoli_cold_shock_response
36240765	10.1016/j.cell.2022.09.030	The replisome guides nucleosome assembly during DNA replication	Sauer PV, Corbeski I, Lu Y, et al	2022	ecoli_dna_replication_elongation
36758548	10.1016/j.cell.2023.01.014	Flux regulation through glycolysis and respiration is balanced by inositol pyrophosphates in yeast.	Qin N	2023	yeast_yeast_glycolysis_regulation
36864250		The biofilm matrix: multitasking in a shared space	Flemming HC	2023	ecoli_biofilm_formation
36892778	10.1007/s12275-023-00030-y	Envelope-Stress Sensing Mechanism of Rcs and Cpx Signaling Pathways in Gram-Negative Bacteria.	Cho SH	2023	ecoli_envelope_stress_response
36906298	10.1016/j.fm.2023.104244	The role of PhoP/PhoQ system in regulating stress adaptation response in Escherichia coli O157:H7.	Han J	2023	ecoli_e._coli_osmotic_stress_response
36972330	10.1099/mic.0.001312	Regulation of phosphate starvation-specific responses in Escherichia coli.	Moreau PL	2023	ecoli_phosphate_regulation
37312272		Quorum sensing architecture network in Escherichia coli virulence and pathogenesis	Lamas A	2023	ecoli_quorum_sensing
37333716	10.1007/s13205-023-03656-2	An in-silico study to understand the effect of lineage diversity on cold shock response: unveiling protein-RNA interactions among paralogous CSPs of E. coli.	Roy A	2023	ecoli_cold_shock_response
37594406	10.1080/15548627.2023.2247300	Interplay of energy metabolism and autophagy.	Feng Y	2024	yeast_yeast_vacuolar_protein_sorting
38638826	10.3389/fcimb.2024.1387497	A review of the mechanisms that confer antibiotic resistance in pathotypes of E. coli.	Nasrollahian S	2024	ecoli_antibiotic_efflux_pumps
388431	10.1073/pnas.76.11.5524	The tryptophan operon: a coordinated mechanism for the regulation of biosynthesis	Oxender DL, Zurawski G, Yanofsky C	1979	ecoli_trp_operon
38908370	10.1016/j.molcel.2024.06.002	Mechanism of chaperone coordination during cotranslational protein folding in bacteria.	Roeselová A	2024	ecoli_protein_folding_chaperones
38926585	10.1038/s41586-024-07598-4	TnpB homologues exapted from transposons are RNA-guided transcription factors.	Wiegand T	2024	ecoli_e._coli_flagellar_assembly
39461958	10.1038/s41467-024-53676-6	The Dsc ubiquitin ligase complex identifies transmembrane degrons to degrade orphaned proteins at the Golgi.	Weyer Y	2024	yeast_yeast_vacuolar_protein_sorting
39533056	10.1038/s44318-024-00301-3	Determinants of chemoselectivity in ubiquitination by the J2 family of ubiquitin-conjugating enzymes.	Swarnkar A	2024	yeast_yeast_er_associated_degradation
39978345	10.1016/j.cell.2025.01.037	SecY translocon chaperones protein folding during membrane protein insertion.	Ou X	2025	ecoli_protein_folding_chaperones
40064436	10.1016/j.ymben.2025.03.006	Mechanism and engineering of endoplasmic reticulum-localized membrane protein folding in Saccharomyces cerevisiae.	Luo Y	2025	yeast_protein_folding
40486491	10.1016/j.bbrep.2025.102051	Intrinsic clustering of flagellar basal body proteins in E. coli: A self-organization mechanism for assembly and regulation.	Sung YS	2025	ecoli_e._coli_flagellar_assembly
40823832	10.1128/mbio.01613-25	Loss of cardiolipin and porins bypasses the essentiality of the sigma E cell envelope stress response in Escherichia coli.	Yang Z	2025	ecoli_envelope_stress_response
4298072	10.1016/0022-2836(68)90398-3	Allosteric regulation of phosphofructokinase from Escherichia coli	Blangy D, Buc H, Monod J	1968	ecoli_glycolysis
4613164	10.1146/annurev.ge.08.120174.001251	Regulation of the L-arabinose operon of Escherichia coli	Englesberg E, Wilcox G	1974	ecoli_ara_operon
4628819		Chemotaxis in Escherichia coli analyzed by three-dimensional tracking	Berg HC	1972	ecoli_chemotaxis
4871331	10.1016/0006-291x(68)90532-6	Catabolite repression and the lac operon	Ullmann A, Monod J	1968	ecoli_catabolite_repression
6380755	10.1016/0092-8674(83)90354-9	The mechanism of Escherichia coli UvrABC endonuclease	Sancar A, Rupp WD	1983	ecoli_nucleotide_excision_repair
6387427		Regulation of the maltose regulon in Escherichia coli	Raibaud O, Schwartz M	1984	ecoli_mal_regulon
6449016	10.1073/pnas.77.6.3225	RecA protein binds to and promotes the degradation of LexA repressor	Little JW, Edmiston SH, Pacelli LZ, Mount DW	1980	ecoli_dna_damage_checkpoint
6687628	10.1038/302670a0	Molecular analysis of a cell lineage	Nasmyth K	1983	yeast_mating_type_switching
6750117	10.1038/300458a0	Isocitrate dehydrogenase of Escherichia coli	LaPorte DC, Koshland DE Jr	1982	ecoli_tca_cycle
6896933	10.1126/science.6896933	A pheromone influences larval development in the nematode Caenorhabditis elegans	Golden JW, Riddle DL	1982	celegans_dauer_decision
7007895	10.1038/289751a0	Attenuation in the control of expression of bacterial operons	Yanofsky C	1981	ecoli_trp_operon
7053433	10.1016/0092-8674(82)90085-x	The SOS regulatory system of Escherichia coli	Little JW, Mount DW	1982	ecoli_sos_lexa
7489502	10.1016/s1097-2765(00)80218-6	The Holliday junction resolvase RuvC is a dimer that acts in trans	Saito A, Iwasaki H, Ariyoshi M, Morikawa K, Shinagawa H	1995	ecoli_homologous_recombination
7537109	10.1021/bi00016a025	Control of Rho-dependent transcription termination by NusG is specific to the Escherichia coli elongation complex	Burns CM, Richardson JP	1995	ecoli_transcription_termination
7590257	10.1101/gad.9.22.2859	Topoisomerase IV, not gyrase, decatenates products of site-specific recombination in Escherichia coli	Zechiedrich EL, Cozzarelli NR	1995	ecoli_dna_replication_termination
7601342	10.1096/fasebj.9.9.7601342	Transcriptional regulation in the yeast GAL gene family: a complex genetic network	Lohr D, Venkov P, Zlatanova J	1995	yeast_gal_regulation
7686999	10.1016/0958-1669(93)90140-9	Regulation of the heat shock response	Yura T, Nagai H, Mori H	1993	ecoli_heat_shock_response
7854251	10.1128/mr.58.4.631-640.1994	The arginine repressor of Escherichia coli	Maas WK	1994	ecoli_arginine_biosynthesis
7968919		Transcription-repair coupling and mutation frequency decline	Selby CP, Sancar A	1994	ecoli_nucleotide_excision_repair
8002614	10.1128/jb.176.24.7516-7524.1994	Glycerol production in response to hyperosmotic stress involves the HOG pathway	Albertyn J, Hohmann S, Thevelein JM, Prior BA	1994	yeast_hog_pathway
8011018	10.1016/0092-8674(94)90156-2	SeqA: a negative modulator of replication initiation in E. coli	Lu M, Campbell JL, Boye E, Kleckner N	1994	ecoli_dna_replication_initiation
8177168	10.1128/mr.57.3.543-594.1993	The phosphoenolpyruvate:sugar phosphotransferase system in Escherichia coli	Postma PW, Lengeler JW, Jacobson GR	1993	ecoli_glycolysis
8196626	10.1128/mcb.14.6.3834	Multiple mechanisms provide rapid and stringent glucose repression of GAL gene expression in Saccharomyces cerevisiae	Johnston M, Flick JS, Pexton T	1994	yeast_gal_regulation
8218348	10.1016/0167-4781(93)90042-g	Mitochondrial biogenesis in yeast	Liao X, Butow RA	1993	yeast_mitochondrial_biogenesis
8252621	10.1016/0092-8674(93)90529-y	The C. elegans heterochronic gene lin-4 encodes small RNAs with antisense complementarity to lin-14	Lee RC, Feinbaum RL, Ambros V	1993	celegans_heterochronic_clock
8257105	10.1146/annurev.mi.47.100193.002301	Regulation of the phosphorelay and the initiation of sporulation in Bacillus subtilis	Hoch JA	1993	bacillus_sporulation_initiation
8257110	10.1146/annurev.mi.47.100193.002223	Heat shock response in E. coli	Yura T, Nagai H, Mori H	1993	ecoli_e._coli_heat_shock_response
8294554	10.1083/jcb.123.6.1305	Two redundant transmembrane mechanisms participate in yeast osmotic stress sensing	Maeda T, Wurgler-Murphy SM, Saito H	1994	yeast_hog_pathway
8341589	10.1093/nar/21.14.3171	The CRP/CAP regulon	Kolb A, Busby S, Buc H, Garges S, Adhya S	1993	ecoli_catabolite_repression
8391169	10.1126/science.8391169	The HOG pathway controls osmotic regulation in yeast	Brewster JL, de Valoir T, Dwyer ND, Winter E, Gustin MC	1993	yeast_hog_pathway
8395888	10.1016/0167-4781(93)90196-9	AraC protein: a love-hate relationship with DNA	Bustos SA, Schleif RF	1993	ecoli_ara_operon
8426905	10.1016/0079-6107(93)90001-z	Evolution of glycolysis	Fothergill-Gilmore LA, Michels PA	1993	yeast_glycolysis
8567624	10.1074/jbc.271.4.1833	Regulation of fatty acid elongation and initiation by acyl-acyl carrier protein in Escherichia coli	Heath RJ, Rock CO	1996	ecoli_fatty_acid_synthesis
8631678	10.1128/jb.178.11.3391-3393.1996	Anaerobic regulation of the adhE gene, encoding the fermentative alcohol dehydrogenase of Escherichia coli	Leonardo MR, Dailly Y, Clark DP	1996	ecoli_anaerobic_respiration
8631707	10.1128/jb.178.8.2077-2082.1996	Phosphate assimilation in E. coli	Wanner BL	1996	ecoli_phosphate_transport
8655580	10.1083/jcb.135.6.1727	Cell fusion during yeast mating requires high levels of a-factor mating pheromone	Brizzio V	1996	yeast_mating_response
8670867	10.1002/j.1460-2075.1996.tb00682.x	Ire1p kinase activity is required for induction of the unfolded protein response	Shamu CE	1996	yeast_unfolded_protein_response
8672543	10.1016/0005-2728(96)00041-7	Succinate dehydrogenase of Escherichia coli: cellular and molecular biology	Hägerhäll C, Hederstedt L	1996	ecoli_tca_cycle
8682777	10.1128/jb.178.13.3779-3787.1996	Modulation of porin gene expression by the two-component regulatory system EnvZ-OmpR	Pratt LA, Hsing W, Gibson KE, Silhavy TJ	1996	ecoli_two_component_signaling
8689686	10.1016/s0092-8674(00)80077-7	The T cell leukemia gene SCL/tal-1 is essential for generation of hematopoietic lineages	Porcher C, Swat W, Rockwell K, Fujiwara Y, Alt FW, Orkin SH	1996	human_scl_tal1_hematopoietic_switch
8752318	10.1128/jb.178.17.5024-5032.1996	Phosphate assimilation and control of alkaline phosphatase synthesis in Escherichia coli	Wanner BL	1996	ecoli_pho_regulon
8811176	10.1146/annurev.bi.65.070196.000533	Bacterial methyl-directed DNA mismatch repair	Modrich P, Lahue R	1996	ecoli_mismatch_repair
8825484	10.1146/annurev.ge.29.120195.002401	Genetic networks controlling the initiation of sporulation and the development of genetic competence in Bacillus subtilis	Grossman AD	1995	bacillus_sporulation_initiation
8850997		The cold-shock response in bacteria.	Wolffe AP	1995	ecoli_cold_shock_response
8982460	10.1146/annurev.genet.30.1.405	The ubiquitin system	Hochstrasser M	1996	yeast_ubiquitin_proteasome
9015458	10.1006/jtbi.1996.0233	Pattern formation by lateral inhibition with feedback: a mathematical model of Delta-Notch intercellular signalling	Collier JR, Monk NA, Maini PK, Lewis JH	1996	human_notch_delta_lateral_inhibition
9054499	10.1016/s0092-8674(00)81902-9	Oncogenic ras provokes premature cell senescence associated with accumulation of p53 and p16INK4a	Serrano M, Lin AW, McCurrach ME, Beach D, Lowe SW	1997	human_p16_rb_senescence
9096309	10.1073/pnas.94.9.4389	EF-G-catalyzed translocation of anticodon stem-loop analogs of transfer RNA in the ribosome	Rodnina MV, Savelsbergh A, Katunin VI, Wintermeyer W	1997	ecoli_translation_elongation
9184233	10.1093/emboj/16.7.1521	The MAPK Hog1 mediates osmotic stress signaling through scaffold protein Pbs2	Posas F, Saito H	1997	yeast_hog_pathway
9220155	10.1126/science.276.5315.1886	Cyclins and cell cycle checkpoints	Nurse P	1997	yeast_cell_cycle_control
9223282	10.1073/pnas.94.1.173	SoxR, a [2Fe-2S] transcription factor, is active only in its oxidized form	Hidalgo E, Ding H, Demple B	1997	ecoli_oxidative_stress_response
9299703	10.1111/j.1574-6976.1997.tb00346.x	The molecular genetics of hexose transport in yeasts	Boles E, Hollenberg CP	1997	yeast_glycolysis
9312005	10.1093/emboj/16.13.4126	Release factor RF3 in E.coli accelerates the dissociation of release factors RF1 and RF2 from the ribosome in a GTP-dependent manner	Freistroffer DV, Pavlov MY, MacDougall J, Buckingham RH, Ehrenberg M	1997	ecoli_translation_termination
9317128		Granulocyte colony-stimulating factor induces C/EBPα and C/EBPβ expression in myeloid progenitors	Ye M, Zhang H, Yang H, et al.	1997	human_cebpa_myeloid_commitment
9335278	10.1099/00221287-143-10-3301	Escherichia coli contains two aconitases: aconitase A and aconitase B	Gruer MJ, Artymiuk PJ, Guest JR	1997	ecoli_tca_cycle
9363945		Enteropathogenic E. coli (EPEC) transfers its receptor for intimate adherence into mammalian cells	Kenny B	1997	ecoli_type_iii_secretion
9381172	10.1126/science.277.5334.2099	FNR is a direct oxygen sensor having a [4Fe-4S] cluster	Khoroshilova N, Popescu C, Münck E, Beinert H, Kiley PJ	1997	ecoli_anaerobic_respiration
9402015	10.1046/j.1365-2958.1997.5861945.x	Signal transduction by the EnvZ-OmpR phosphorelay system in bacteria	Mizuno T	1997	ecoli_two_component_signaling
9422595	10.1128/jb.180.3.680-689.1998	The Escherichia coli Zur regulates ZnuABC zinc import	Patzer SI, Hantke K	1998	ecoli_heavy_metal_resistance
9442869		The two-component signaling pathway of bacterial chemotaxis: a molecular view of signal transduction by receptors, kinases, and adaptation enzymes	Falke JJ	1997	ecoli_chemotaxis
9442875	10.1146/annurev.cellbio.13.1.261	The regulation of CDK activity in budding yeast	Morgan DO	1997	yeast_cell_cycle_control
9572732	10.1126/science.280.5365.895	The biochemical basis of an all-or-none cell fate switch in Xenopus oocytes	Ferrell JE, Machleder EM	1998	human_erk_bistable_switch
9670023	10.1093/emboj/17.14.4086	The yeast galactose genetic switch is mediated by the formation of a Gal4p-Gal80p-Gal3p complex	Platt A, Reece RJ	1998	yeast_gal_regulation
9691025	10.1093/genetics/149.4.1633	Stochastic kinetic analysis of developmental pathway bifurcation in phage lambda-infected Escherichia coli cells	Arkin A, Ross J, McAdams HH	1998	ecoli_lambda_switch
9719873		Protein traffic in the yeast endocytic and vacuolar protein sorting pathways.	Wendland B	1998	yeast_yeast_vacuolar_protein_sorting
9826730	10.1073/pnas.95.21.12462	Small RNAs, DsrA and RprA, control the synthesis of the stationary phase sigma factor in Escherichia coli	Majdalani N, Cunning C, Sledjeski D, Elliott T, Gottesman S	1998	ecoli_starvation_response
9857172	10.1093/emboj/17.24.7151	The ubiquitin-proteasome pathway: on protein death and cell life	Hershko A, Ciechanover A	1998	yeast_ubiquitin_proteasome
9887101	10.1101/gad.13.1.76	Keap1 represses nuclear activation of antioxidant responsive elements by Nrf2 through binding to the amino-terminal Neh2 domain	Itoh K, Wakabayashi N, Katoh Y, et al.	1999	human_nrf2_keap1
