cohort,perturbed,circuit_class,topology_type,n_questions,p_yes_mean,p_yes_std,frac_yes_decision,mean_think_tokens
class_i_K562,ADAT2,I,no_regulatory_info,5.0,0.01846624206760943,0.02762641955529397,0.0,86.4
class_i_K562,ANKS6,I,no_regulatory_info,5.0,0.1922404907643795,0.35511946584043463,0.2,112.0
class_i_K562,BCAS2,I,feed_forward_target,5.0,0.232490129256621,0.42685443136523055,0.2,90.4
class_i_K562,BRIX1,I,no_regulatory_info,5.0,0.4388863967731595,0.4866796419238337,0.4,88.2
class_i_K562,CENPW,I,feed_forward_target,5.0,0.3457739618911496,0.4134591427431417,0.4,100.4
class_i_K562,CHMP3,I,no_regulatory_info,5.0,0.04766602464951575,0.06236590400820388,0.0,107.0
class_i_K562,CLK2,I,no_regulatory_info,5.0,0.5416335865855217,0.46082400533098977,0.4,72.2
class_i_K562,COPS4,I,no_regulatory_info,5.0,0.1773866913281381,0.30626749527812624,0.2,98.6
class_i_K562,EIF3F,I,no_regulatory_info,5.0,0.13015049337118398,0.22348444208667842,0.0,128.4
class_i_K562,EIF4G2,I,no_regulatory_info,5.0,0.07556938413346544,0.15672934342741032,0.2,119.0
class_i_K562,EXOSC6,I,no_regulatory_info,5.0,0.08317238320596516,0.1279301268869469,0.0,118.8
class_i_K562,GGPS1,I,feed_forward_target,5.0,0.3500059865415096,0.31153121505797926,0.2,124.2
class_i_K562,GMPS,I,feed_forward_target,5.0,0.08680009698462676,0.14022456413399664,0.0,136.6
class_i_K562,GTF2H1,I,no_regulatory_info,5.0,0.2744785020127892,0.4021399750288106,0.2,111.2
class_i_K562,GTF3C2,I,feed_forward_target,5.0,0.20072560988899468,0.3232646149535174,0.2,127.2
class_i_K562,HNRNPC,I,no_regulatory_info,5.0,0.3634584319973932,0.48392116999587964,0.4,123.2
class_i_K562,IARS2,I,no_regulatory_info,5.0,0.03861225118863913,0.07575427149502961,0.4,119.2
class_i_K562,ISG20L2,I,no_regulatory_info,5.0,0.282410835288465,0.366990664631976,0.2,119.4
class_i_K562,KPNA6,I,no_regulatory_info,5.0,0.021156470058485866,0.02952619263850853,0.0,120.6
class_i_K562,LSM3,I,no_regulatory_info,5.0,0.3711410887539387,0.36913454063067225,0.4,77.8
class_i_K562,MANF,I,no_regulatory_info,5.0,0.3208066897660359,0.34114921303760054,0.2,108.6
class_i_K562,MCM3AP,I,no_regulatory_info,5.0,0.39693539099097386,0.4176036760937967,0.4,119.8
class_i_K562,MEPCE,I,no_regulatory_info,5.0,0.5001747512218593,0.41809949271679053,0.4,101.6
class_i_K562,MRPL27,I,no_regulatory_info,5.0,0.013746875605055386,0.02985355160811699,0.0,109.2
class_i_K562,PGAM1,I,no_regulatory_info,5.0,0.013761431863348151,0.013330701878218696,0.0,114.2
class_i_K562,RNPC3,I,no_regulatory_info,5.0,0.274799539027254,0.35447973534727556,0.2,93.2
class_i_K562,RRM1,I,feed_forward_target,5.0,0.20329414545558394,0.4297871873552262,0.2,133.0
class_i_K562,SEPHS2,I,no_regulatory_info,5.0,0.1931010962704363,0.17657679224217618,0.0,87.2
class_i_K562,SSBP1,I,no_regulatory_info,5.0,0.11913621756248176,0.1951851234362211,0.0,139.2
class_i_K562,SUPT6H,I,no_regulatory_info,5.0,0.028461060114204885,0.02386392655186181,0.0,130.2
class_i_K562,TRPM7,I,no_regulatory_info,5.0,0.22858079726072447,0.3651295873749908,0.2,89.2
class_i_K562,TRRAP,I,feed_forward_tf,5.0,0.4169062689645216,0.4060277920630261,0.4,108.0
class_i_K562,TTC4,I,no_regulatory_info,5.0,0.287631578387618,0.35014911609614946,0.2,82.0
class_i_K562,YARS2,I,no_regulatory_info,5.0,0.13311504830777884,0.18844943398505623,0.0,106.4
class_i_K562,ZNF468,I,no_regulatory_info,5.0,0.2101200701457074,0.3669903933102617,0.4,94.6
class_iii_K562,BCL2L1,III,positive_feedback_bistable,5.0,0.22022084856911678,0.30330559444451427,0.2,126.6
class_iii_K562,BUB1,III,positive_feedback_bistable,5.0,0.16189683108305672,0.33058848273316865,0.4,114.0
class_iii_K562,BUB1B,III,positive_feedback_bistable,5.0,0.17108710353754458,0.3199906673312521,0.4,116.2
class_iii_K562,CDC20,III,positive_feedback_bistable,5.0,0.3702226313349488,0.4345997408844291,0.6,131.0
class_iii_K562,CDC6,III,positive_feedback_bistable,5.0,0.31742567513969105,0.419174169754006,0.4,118.6
class_iii_K562,CHEK1,III,positive_feedback_bistable,5.0,0.12248711856082081,0.12852284396946578,0.0,106.4
class_iii_K562,GATA1,III,mutual_repression,4.0,0.5161206777716956,0.5024565185916022,0.5,94.75
class_iii_K562,GRB2,III,positive_feedback_bistable,5.0,0.2638396143913269,0.40669508771764995,0.2,138.2
class_iii_K562,HSF1,III,pos_feedback,5.0,0.3396449748426676,0.44418048145909994,0.4,131.2
class_iii_K562,MAD2L1,III,positive_feedback_bistable,5.0,0.0983791270158548,0.19269497893112422,0.2,110.2
class_iii_K562,MAX,III,positive_feedback_bistable,5.0,0.5768737554550171,0.39758251524903804,0.4,97.8
class_iii_K562,MED1,III,positive_feedback_loop,5.0,0.5055520854890346,0.35490430640314724,0.4,103.2
class_iii_K562,MYC,III,positive_feedback,4.0,0.6220216155052185,0.408387280575241,0.5,117.25
class_iii_K562,NANOG,III,pos_feedback,5.0,0.24674661413642268,0.3306622627184888,0.4,124.8
class_iii_K562,RAD51,III,positive_feedback_loop,5.0,0.2815180503761848,0.3528800696848891,0.4,117.8
class_iii_K562,STAT5A,III,pos_feedback,5.0,0.3993643086403608,0.5082955369554694,0.4,120.2
class_iii_K562,VHL,III,positive_feedback_loop,5.0,0.7132021680474281,0.3842580129629356,0.6,133.8
