process_id	picked_idx	picked_sim	top_idx	top_sim	gap	picked_title	top_title
ecoli_e._coli_flagellar_assembly	0	0.2918	1	0.7661	0.4743	TnpB homologues exapted from transposons are RNA-guided tran	Intrinsic clustering of flagellar basal body proteins in E. 
yeast_yeast_vacuolar_protein_sorting	0	0.3044	1	0.7565	0.4522	Interplay of energy metabolism and autophagy.	Protein traffic in the yeast endocytic and vacuolar protein 
yeast_mating_type_switching	1	0.3864	2	0.7423	0.3559	Molecular analysis of a cell lineage	Mating-type genes and MAT switching in Saccharomyces cerevis
yeast_oxidative_stress_response	0	0.4626	2	0.7717	0.3091	Free radicals, reactive oxygen species, oxidative stress and	The response to heat shock and oxidative stress in Saccharom
ecoli_protein_folding_chaperones	0	0.4561	2	0.7140	0.2579	Production of Biopharmaceuticals in E. coli: Current Scenari	Mechanism of chaperone coordination during cotranslational p
ecoli_lac_operon	0	0.4277	1	0.6811	0.2534	Genetic regulatory mechanisms in the synthesis of proteins	The lactose operon
ecoli_anaerobic_respiration	0	0.4763	2	0.7197	0.2434	FNR is a direct oxygen sensor having a [4Fe-4S] cluster	The ArcA two-component signal transduction system regulates 
yeast_heat_shock_response	0	0.4278	2	0.6391	0.2113	Cytosolic proteostasis through importing of misfolded protei	Glycerol 3-phosphate dehydrogenase regulates heat shock resp
bacillus_competence_development	0	0.4367	2	0.6451	0.2085	Bistability in bacteria	Controlling competence in Bacillus subtilis: shared use of r
synthetic_recombinase_counter	0	0.4826	1	0.6828	0.2002	Synthetic gene networks that count	Synthetic recombinase-based state machines in living cells
ecoli_stringent_response	0	0.4363	2	0.6312	0.1949	ppGpp: still magical?	Structural basis of ppGpp riboswitch function
ecoli_translation_initiation	0	0.5690	2	0.7570	0.1880	Mechanism and regulation of protein synthesis in Escherichia	Initiation of translation in bacteria
ecoli_dna_replication_elongation	0	0.5105	2	0.6934	0.1829	The bacterial replisome: back on track?	Structure and mechanism of the DNA polymerase III holoenzyme
yeast_cell_cycle_control	0	0.6118	2	0.7856	0.1738	Cyclins and cell cycle checkpoints	The regulation of CDK activity in budding yeast
ecoli_lambda_switch	1	0.4872	0	0.6542	0.1670	Stochastic kinetic analysis of developmental pathway bifurca	A Genetic Switch: Phage Lambda Revisited (3rd ed.)
ecoli_trp_operon	0	0.6278	3	0.7912	0.1635	Attenuation in the control of expression of bacterial operon	The tryptophan operon: a coordinated mechanism for the regul
celegans_dauer_decision	0	0.3746	1	0.5319	0.1574	Dauer	A pheromone influences larval development in the nematode Ca
ecoli_iron_homeostasis	2	0.5895	3	0.7391	0.1496	Increasing dissolved-oxygen disrupts iron homeostasis in pro	Global iron-dependent gene regulation in Escherichia coli. A
ecoli_mismatch_repair	0	0.5939	3	0.7259	0.1319	Mismatch repair in replication fidelity, genetic recombinati	Bacterial methyl-directed DNA mismatch repair
ecoli_biofilm_formation	0	0.5654	1	0.6965	0.1311	Bacterial resistance in biofilm-associated bacteria	Biofilm formation and cellulose expression among diverse env
yeast_autophagy	0	0.5331	3	0.6642	0.1311	Autophagy genes in biology and disease	Autophagy in yeast demonstrated with proteinase-deficient mu
human_mtorc1_nutrient	0	0.5527	1	0.6792	0.1265	The TSC1-2 tumor suppressor controls insulin-PI3K signaling 	mTOR signaling in growth, metabolism, and disease
ecoli_fatty_acid_synthesis	0	0.5892	1	0.7138	0.1245	Forty years of bacterial fatty acid synthesis	The structural biology of type II fatty acid biosynthesis
ecoli_sos_response	0	0.6292	1	0.7480	0.1188	The SOS response: recent insights into umuDC-dependent mutag	Regulation of the Escherichia coli SOS response
ecoli_cold_shock_response	0	0.6591	3	0.7772	0.1181	An in-silico study to understand the effect of lineage diver	The cold-shock response in bacteria.
yeast_yeast_glycolysis_regulation	0	0.6152	1	0.7288	0.1136	Compartmentalization and metabolic regulation of glycolysis.	Flux regulation through glycolysis and respiration is balanc
ecoli_rna_polymerase_recycling	0	0.5516	3	0.6635	0.1120	Mechanism of transcription termination by E. coli RNA polyme	Recycling of the RNA polymerase in Escherichia coli
human_cdk1_mitotic_switch	0	0.4891	1	0.5977	0.1086	Hysteresis drives cell-cycle transitions in Xenopus laevis e	Building a cell cycle oscillator: hysteresis and bistability
yeast_yeast_cell_polarity	0	0.7031	3	0.8067	0.1036	Intrinsic and Extrinsic Determinants Linking Spindle Pole Fa	Budding and cell polarity in Saccharomyces cerevisiae.
ecoli_ribosome_assembly	0	0.6093	2	0.7104	0.1011	Structure of the 30S ribosomal subunit	Assembly of the 30S ribosomal subunit
yeast_unfolded_protein_response	0	0.6233	1	0.7177	0.0944	The unfolded protein response: controlling cell fate decisio	The unfolded protein response in yeast
ecoli_translation_elongation	0	0.5239	3	0.6169	0.0930	Structural basis for translation termination on the 70S ribo	EF-G-catalyzed translocation of anticodon stem-loop analogs 
ecoli_e._coli_osmotic_stress_response	0	0.6032	1	0.6928	0.0896	Osmotic Stress.	The role of PhoP/PhoQ system in regulating stress adaptation
synthetic_positive_autoregulation	0	0.4159	1	0.5051	0.0892	Positive feedback in eukaryotic gene networks: cell differen	Regulatory dynamics of synthetic gene networks with positive
human_bcl2_bax_momp	0	0.4447	1	0.5324	0.0877	How cells die: apoptosis pathways	Mitochondria and cell death: outer membrane permeabilization
yeast_yeast_peroxisome_biogenesis	1	0.6466	0	0.7332	0.0866	Characterization of Peroxisomal Regulation Networks.	Peroxisome biogenesis.
ecoli_pho_regulon	0	0.5832	1	0.6665	0.0832	Phosphate assimilation and control of alkaline phosphatase s	The Pho regulon: a huge regulatory network in bacteria
ecoli_e._coli_stringent_response	0	0.6172	2	0.6960	0.0789	The Stringent Response Inhibits DNA Replication Initiation i	Nitrogen stress response and stringent response are coupled 
ecoli_oxidative_stress_response	0	0.7087	1	0.7871	0.0784	OxyR: a regulator of antioxidant genes	Activation of the Escherichia coli SoxRS regulon by superoxi
yeast_osmotic_stress_response	0	0.6029	3	0.6752	0.0724	Genome-Wide Transcriptional Response of Saccharomyces cerevi	Novel insights into the osmotic stress response of yeast.
yeast_ubiquitin_proteasome	0	0.6364	1	0.7076	0.0711	The ubiquitin-proteasome pathway: on protein death and cell 	The ubiquitin system
ecoli_heavy_metal_resistance	0	0.5702	2	0.6381	0.0679	The CusABC efflux system removes toxic ions via a methionine	The Escherichia coli Zur regulates ZnuABC zinc import
yeast_tor_signaling	0	0.6535	1	0.7177	0.0643	TOR signaling in growth and metabolism	Two TOR complexes, only one of which is rapamycin sensitive,
yeast_gal_regulation	0	0.7375	1	0.8008	0.0633	Multiple mechanisms provide rapid and stringent glucose repr	Transcriptional regulation in the yeast GAL gene family: a c
ecoli_flagellar_assembly	0	0.6293	1	0.6889	0.0596	Coupling of flagellar gene expression to flagellar assembly 	How bacteria assemble flagella
yeast_mitochondrial_import	0	0.6738	3	0.7328	0.0589	Mitochondrial protein import: from proteomics to functional 	The mitochondrial protein import machinery
human_nfkb_ikb_oscillator	0	0.6600	1	0.7128	0.0528	The IκB-NF-κB signaling module: temporal control and selecti	Oscillations in NF-κB signaling control the dynamics of gene
human_rig_i_mavs_antiviral	0	0.6252	1	0.6714	0.0462	MAVS forms functional prion-like aggregates to activate and 	Identification and characterization of MAVS, a mitochondrial
human_p53_apoptosis_decision	0	0.6989	1	0.7428	0.0439	p53 dynamics control cell fate	A threshold mechanism mediates p53 cell fate decision betwee
ecoli_catabolite_repression	0	0.6761	2	0.7167	0.0406	Catabolite repression and the lac operon	Regulation of bacterial metabolism by catabolite repression
human_nlrp3_inflammasome	0	0.5467	1	0.5843	0.0376	Prion-like polymerization underlies signal transduction in a	Unified polymerization mechanism for the assembly of ASC-dep
synthetic_antithetic_integral_feedback	0	0.6652	1	0.7009	0.0357	Antithetic integral feedback ensures robust perfect adaptati	A universal biomolecular integral feedback controller for ro
synthetic_coherent_ffl	0	0.5542	1	0.5862	0.0319	Structure and function of the feed-forward loop network moti	The coherent feedforward loop serves as a sign-sensitive del
ecoli_glycolysis	0	0.5630	1	0.5948	0.0318	Glycolysis	The phosphoenolpyruvate:sugar phosphotransferase system in E
